PortalID,Email,Password,FacebookID,FullName,FirstName,MiddleName,LastName,Gender,Local,Link,TimeZone,Birthdate,Picture,Telephone,LocationID,Address,City,Region,PostalCode,
1,guy1@adventure-works.com,Password,1,Guy R Gilbert,Guy,R,Gilbert,male,en_US,http://www.facebook.com/GGilbert,-7,5/15/1972 0:00,http://profile.ak.fbcdn.net/static-ak/rsrc.php/v1/yL/r/HsTZSDw4avx.gif,320-555-0195,198272,7726 Driftwood Drive,Monroe,Washington,98272,
1,kevin0@adventure-works.com,Password,2,Kevin F Brown,Kevin,F,Brown,male,en_US,http://www.facebook.com/KBrown,-7,6/3/1977 0:00,http://profile.ak.fbcdn.net/static-ak/rsrc.php/v1/yL/r/HsTZSDw4avx.gif,150-555-0189,298201,7883 Missing Canyon Court,Everett,Washington,98201,
1,roberto0@adventure-works.com,Password,3,,Roberto,,Tamburello,male,en_US,http://www.facebook.com/RTamburello,-7,12/13/1964 0:00,http://profile.ak.fbcdn.net/static-ak/rsrc.php/v1/yL/r/HsTZSDw4avx.gif,212-555-0187,398052,2137 Birchwood Dr,Redmond,Washington,98052,
1,rob0@adventure-works.com,Password,4,,Rob,,Walters,male,en_US,http://www.facebook.com/RWalters,-7,1/23/1965 0:00,http://profile.ak.fbcdn.net/static-ak/rsrc.php/v1/yL/r/HsTZSDw4avx.gif,612-555-0100,455402,5678 Lakeview Blvd.,Minneapolis,Minnesota,55402,
1,thierry0@adventure-works.com,Password,5,Thierry B D'Hers,Thierry,B,D'Hers,male,en_US,http://www.facebook.com/TD'Hers,-7,8/29/1949 0:00,http://profile.ak.fbcdn.net/static-ak/rsrc.php/v1/yL/r/HsTZSDw4avx.gif,168-555-0183,598011,1970 Napa Ct.,Bothell,Washington,98011,
1,david0@adventure-works.com,Password,6,David M Bradley,David,M,Bradley,male,en_US,http://www.facebook.com/DBradley,-7,4/19/1965 0:00,http://profile.ak.fbcdn.net/static-ak/rsrc.php/v1/yL/r/HsTZSDw4avx.gif,913-555-0172,698052,3768 Door Way,Redmond,Washington,98052,
1,jolynn0@adventure-works.com,Password,7,JoLynn M Dobney,JoLynn,M,Dobney,female,en_US,http://www.facebook.com/JDobney,-7,2/16/1946 0:00,http://profile.ak.fbcdn.net/static-ak/rsrc.php/v1/yL/r/HsTZSDw4avx.gif,903-555-0145,798104,7126 Ending Ct.,Seattle,Washington,98104,
1,ruth0@adventure-works.com,Password,8,Ruth Ann Ellerbrock,Ruth,Ann,Ellerbrock,female,en_US,http://www.facebook.com/REllerbrock,-7,7/6/1946 0:00,http://profile.ak.fbcdn.net/static-ak/rsrc.php/v1/yL/r/HsTZSDw4avx.gif,145-555-0130,898201,2176 Apollo Way,Everett,Washington,98201,
1,gail0@adventure-works.com,Password,9,Gail A Erickson,Gail,A,Erickson,female,en_US,http://www.facebook.com/GErickson,-7,10/29/1942 0:00,http://profile.ak.fbcdn.net/static-ak/rsrc.php/v1/yL/r/HsTZSDw4avx.gif,849-555-0139,998004,9435 Breck Court,Bellevue,Washington,98004,
1,barry0@adventure-works.com,Password,10,Barry K Johnson,Barry,K,Johnson,male,en_US,http://www.facebook.com/BJohnson,-7,4/27/1946 0:00,http://profile.ak.fbcdn.net/static-ak/rsrc.php/v1/yL/r/HsTZSDw4avx.gif,206-555-0180,1098296,3114 Notre Dame Ave.,Snohomish,Washington,98296,
1,jossef0@adventure-works.com,Password,11,Jossef H Goldberg,Jossef,H,Goldberg,male,en_US,http://www.facebook.com/JGoldberg,-7,4/11/1949 0:00,http://profile.ak.fbcdn.net/static-ak/rsrc.php/v1/yL/r/HsTZSDw4avx.gif,122-555-0189,1198055,5670 Bel Air Dr.,Renton,Washington,98055,
1,terri0@adventure-works.com,Password,12,Terri Lee Duffy,Terri,Lee,Duffy,female,en_US,http://www.facebook.com/TDuffy,-7,9/1/1961 0:00,http://profile.ak.fbcdn.net/static-ak/rsrc.php/v1/yL/r/HsTZSDw4avx.gif,819-555-0175,1298055,7559 Worth Ct.,Renton,Washington,98055,
1,sidney0@adventure-works.com,Password,13,Sidney M Higa,Sidney,M,Higa,male,en_US,http://www.facebook.com/SHiga,-7,10/1/1946 0:00,http://profile.ak.fbcdn.net/static-ak/rsrc.php/v1/yL/r/HsTZSDw4avx.gif,424-555-0189,1398020,9277 Country View Lane,Edmonds,Washington,98020,
1,taylor0@adventure-works.com,Password,14,Taylor R Maxwell,Taylor,R,Maxwell,male,en_US,http://www.facebook.com/TMaxwell,-7,5/3/1946 0:00,http://profile.ak.fbcdn.net/static-ak/rsrc.php/v1/yL/r/HsTZSDw4avx.gif,508-555-0165,1498020,504 O St.,Edmonds,Washington,98020,
1,jeffrey0@adventure-works.com,Password,15,Jeffrey L Ford,Jeffrey,L,Ford,male,en_US,http://www.facebook.com/JFord,-7,8/12/1946 0:00,http://profile.ak.fbcdn.net/static-ak/rsrc.php/v1/yL/r/HsTZSDw4avx.gif,984-555-0185,1598272,5734 Ashford Court,Monroe,Washington,98272,
1,jo0@adventure-works.com,Password,16,Jo A Brown,Jo,A,Brown,female,en_US,http://www.facebook.com/JBrown,-7,11/9/1946 0:00,http://profile.ak.fbcdn.net/static-ak/rsrc.php/v1/yL/r/HsTZSDw4avx.gif,632-555-0129,1698019,9693 Mellowood Street,Duvall,Washington,98019,
1,doris0@adventure-works.com,Password,17,Doris M Hartwig,Doris,M,Hartwig,female,en_US,http://www.facebook.com/DHartwig,-7,5/6/1946 0:00,http://profile.ak.fbcdn.net/static-ak/rsrc.php/v1/yL/r/HsTZSDw4avx.gif,328-555-0150,1798028,5553 Cash Avenue,Kenmore,Washington,98028,
1,john0@adventure-works.com,Password,18,John T Campbell,John,T,Campbell,male,en_US,http://www.facebook.com/JCampbell,-7,9/8/1946 0:00,http://profile.ak.fbcdn.net/static-ak/rsrc.php/v1/yL/r/HsTZSDw4avx.gif,435-555-0113,1898104,2639 Anchor Court,Seattle,Washington,98104,
1,diane0@adventure-works.com,Password,19,Diane R Glimp,Diane,R,Glimp,female,en_US,http://www.facebook.com/DGlimp,-7,4/30/1946 0:00,http://profile.ak.fbcdn.net/static-ak/rsrc.php/v1/yL/r/HsTZSDw4avx.gif,202-555-0151,1998052,9006 Woodside Way,Redmond,Washington,98052,
1,steven0@adventure-works.com,Password,20,Steven T Selikoff,Steven,T,Selikoff,male,en_US,http://www.facebook.com/SSelikoff,-7,6/15/1967 0:00,http://profile.ak.fbcdn.net/static-ak/rsrc.php/v1/yL/r/HsTZSDw4avx.gif,925-555-0114,2098201,181 Gaining Drive,Everett,Washington,98201,
1,peter0@adventure-works.com,Password,21,Peter J Krebs,Peter,J,Krebs,male,en_US,http://www.facebook.com/PKrebs,-7,12/4/1972 0:00,http://profile.ak.fbcdn.net/static-ak/rsrc.php/v1/yL/r/HsTZSDw4avx.gif,913-555-0196,2198004,3670 All Ways Drive,Bellevue,Washington,98004,
1,stuart0@adventure-works.com,Password,22,Stuart V Munson,Stuart,V,Munson,male,en_US,http://www.facebook.com/SMunson,-7,10/14/1952 0:00,http://profile.ak.fbcdn.net/static-ak/rsrc.php/v1/yL/r/HsTZSDw4avx.gif,413-555-0136,2298004,6448 Castle Court,Bellevue,Washington,98004,
1,greg0@adventure-works.com,Password,23,Greg F Alderson,Greg,F,Alderson,male,en_US,http://www.facebook.com/GAlderson,-7,11/18/1960 0:00,http://profile.ak.fbcdn.net/static-ak/rsrc.php/v1/yL/r/HsTZSDw4avx.gif,332-555-0150,2398004,8684 Military East,Bellevue,Washington,98004,
1,david1@adventure-works.com,Password,24,David N Johnson,David,N,Johnson,male,en_US,http://www.facebook.com/DJohnson,-7,12/3/1969 0:00,http://profile.ak.fbcdn.net/static-ak/rsrc.php/v1/yL/r/HsTZSDw4avx.gif,166-555-0162,2498028,6697 Ridge Park Drive,Kenmore,Washington,98028,
1,zheng0@adventure-works.com,Password,25,Zheng W Mu,Zheng,W,Mu,male,en_US,http://www.facebook.com/ZMu,-7,11/26/1973 0:00,http://profile.ak.fbcdn.net/static-ak/rsrc.php/v1/yL/r/HsTZSDw4avx.gif,113-555-0173,2598104,6578 Woodhaven Ln.,Seattle,Washington,98104,
1,ivo0@adventure-works.com,Password,26,Ivo William Salmre,Ivo,William,Salmre,male,en_US,http://www.facebook.com/ISalmre,-7,2/4/1972 0:00,http://profile.ak.fbcdn.net/static-ak/rsrc.php/v1/yL/r/HsTZSDw4avx.gif,115-555-0179,2698272,3841 Silver Oaks Place,Monroe,Washington,98272,
1,paul0@adventure-works.com,Password,27,Paul B Komosinski,Paul,B,Komosinski,male,en_US,http://www.facebook.com/PKomosinski,-7,12/15/1970 0:00,http://profile.ak.fbcdn.net/static-ak/rsrc.php/v1/yL/r/HsTZSDw4avx.gif,147-555-0160,2798004,7270 Pepper Way,Bellevue,Washington,98004,
1,ashvini0@adventure-works.com,Password,28,Ashvini R Sharma,Ashvini,R,Sharma,male,en_US,http://www.facebook.com/ASharma,-7,4/28/1967 0:00,http://profile.ak.fbcdn.net/static-ak/rsrc.php/v1/yL/r/HsTZSDw4avx.gif,656-555-0119,2898027,6580 Poor Ridge Court,Issaquah,Washington,98027,
1,kendall0@adventure-works.com,Password,29,Kendall C Keil,Kendall,C,Keil,male,en_US,http://www.facebook.com/KKeil,-7,6/30/1976 0:00,http://profile.ak.fbcdn.net/static-ak/rsrc.php/v1/yL/r/HsTZSDw4avx.gif,138-555-0128,2998104,7439 Laguna Niguel,Seattle,Washington,98104,
1,paula0@adventure-works.com,Password,30,Paula M Barreto de Mattos,Paula,M,Barreto de Mattos,female,en_US,http://www.facebook.com/PBarretodeMattos,-7,3/14/1966 0:00,http://profile.ak.fbcdn.net/static-ak/rsrc.php/v1/yL/r/HsTZSDw4avx.gif,523-555-0175,3098004,4311 Clay Rd,Bellevue,Washington,98004,
1,alejandro0@adventure-works.com,Password,31,Alejandro E McGuel,Alejandro,E,McGuel,male,en_US,http://www.facebook.com/AMcGuel,-7,1/6/1979 0:00,http://profile.ak.fbcdn.net/static-ak/rsrc.php/v1/yL/r/HsTZSDw4avx.gif,668-555-0130,3198104,7127 Los Gatos Court,Seattle,Washington,98104,
1,garrett0@adventure-works.com,Password,32,Garrett R Young,Garrett,R,Young,male,en_US,http://www.facebook.com/GYoung,-7,9/26/1974 0:00,http://profile.ak.fbcdn.net/static-ak/rsrc.php/v1/yL/r/HsTZSDw4avx.gif,609-555-0179,3298296,2115 Passing,Snohomish,Washington,98296,
1,jianshuo0@adventure-works.com,Password,33,,Jian Shuo,,Wang,male,en_US,http://www.facebook.com/JWang,-7,8/27/1973 0:00,http://profile.ak.fbcdn.net/static-ak/rsrc.php/v1/yL/r/HsTZSDw4avx.gif,952-555-0178,3398272,8310 Ridge Circle,Monroe,Washington,98272,
1,susan0@adventure-works.com,Password,34,Susan W Eaton,Susan,W,Eaton,female,en_US,http://www.facebook.com/SEaton,-7,3/20/1968 0:00,http://profile.ak.fbcdn.net/static-ak/rsrc.php/v1/yL/r/HsTZSDw4avx.gif,943-555-0196,3498055,2736 Scramble Rd,Renton,Washington,98055,
1,vamsi0@adventure-works.com,Password,35,Vamsi N Kuppa,Vamsi,N,Kuppa,male,en_US,http://www.facebook.com/VKuppa,-7,4/19/1967 0:00,http://profile.ak.fbcdn.net/static-ak/rsrc.php/v1/yL/r/HsTZSDw4avx.gif,937-555-0137,3598011,9833 Mt. Dias Blv.,Bothell,Washington,98011,
1,alice0@adventure-works.com,Password,36,Alice O Ciccu,Alice,O,Ciccu,female,en_US,http://www.facebook.com/ACiccu,-7,2/27/1968 0:00,http://profile.ak.fbcdn.net/static-ak/rsrc.php/v1/yL/r/HsTZSDw4avx.gif,333-555-0173,3698296,3280 Pheasant Circle,Snohomish,Washington,98296,
1,simon0@adventure-works.com,Password,37,Simon D Rapier,Simon,D,Rapier,male,en_US,http://www.facebook.com/SRapier,-7,6/17/1980 0:00,http://profile.ak.fbcdn.net/static-ak/rsrc.php/v1/yL/r/HsTZSDw4avx.gif,963-555-0134,3798019,3421 Bouncing Road,Duvall,Washington,98019,
1,jinghao0@adventure-works.com,Password,38,Jinghao K Liu,Jinghao,K,Liu,male,en_US,http://www.facebook.com/JLiu,-7,3/9/1979 0:00,http://profile.ak.fbcdn.net/static-ak/rsrc.php/v1/yL/r/HsTZSDw4avx.gif,794-555-0159,3898014,9666 Northridge Ct.,Carnation,Washington,98014,
1,michael0@adventure-works.com,Password,39,Michael T Hines,Michael,T,Hines,male,en_US,http://www.facebook.com/MHines,-7,12/19/1974 0:00,http://profile.ak.fbcdn.net/static-ak/rsrc.php/v1/yL/r/HsTZSDw4avx.gif,218-555-0126,3998272,1792 Belmont Rd.,Monroe,Washington,98272,
1,yvonne0@adventure-works.com,Password,40,Yvonne S McKay,Yvonne,S,McKay,female,en_US,http://www.facebook.com/YMcKay,-7,5/17/1979 0:00,http://profile.ak.fbcdn.net/static-ak/rsrc.php/v1/yL/r/HsTZSDw4avx.gif,286-555-0189,4098201,1962 Cotton Ct.,Everett,Washington,98201,
1,peng0@adventure-works.com,Password,41,Peng J Wu,Peng,J,Wu,male,en_US,http://www.facebook.com/PWu,-7,4/19/1966 0:00,http://profile.ak.fbcdn.net/static-ak/rsrc.php/v1/yL/r/HsTZSDw4avx.gif,164-555-0164,4198011,250 Race Court,Bothell,Washington,98011,
1,jean0@adventure-works.com,Password,42,Jean E Trenary,Jean,E,Trenary,female,en_US,http://www.facebook.com/JTrenary,-7,1/13/1966 0:00,http://profile.ak.fbcdn.net/static-ak/rsrc.php/v1/yL/r/HsTZSDw4avx.gif,685-555-0120,4298052,2383 Pepper Drive,Redmond,Washington,98052,
1,russell0@adventure-works.com,Password,43,,Russell,,Hunter,male,en_US,http://www.facebook.com/RHunter,-7,12/27/1962 0:00,http://profile.ak.fbcdn.net/static-ak/rsrc.php/v1/yL/r/HsTZSDw4avx.gif,786-555-0144,4398104,7616 Honey Court,Seattle,Washington,98104,
1,ascott0@adventure-works.com,Password,44,,A. Scott,,Wright,male,en_US,http://www.facebook.com/AWright,-7,10/19/1958 0:00,http://profile.ak.fbcdn.net/static-ak/rsrc.php/v1/yL/r/HsTZSDw4avx.gif,992-555-0194,4498006,9297 Kenston Dr.,Newport Hills,Washington,98006,
1,fred0@adventure-works.com,Password,45,Fred T Northup,Fred,T,Northup,male,en_US,http://www.facebook.com/FNorthup,-7,7/27/1979 0:00,http://profile.ak.fbcdn.net/static-ak/rsrc.php/v1/yL/r/HsTZSDw4avx.gif,818-555-0192,4598296,2601 Cambridge Drive,Snohomish,Washington,98296,
1,sariya0@adventure-works.com,Password,46,Sariya E Harnpadoungsataya,Sariya,E,Harnpadoungsataya,male,en_US,http://www.facebook.com/SHarnpadoungsataya,-7,6/21/1977 0:00,http://profile.ak.fbcdn.net/static-ak/rsrc.php/v1/yL/r/HsTZSDw4avx.gif,399-555-0176,4698201,1185 Dallas Drive,Everett,Washington,98201,
1,willis0@adventure-works.com,Password,47,Willis T Johnson,Willis,T,Johnson,male,en_US,http://www.facebook.com/WJohnson,-7,8/18/1968 0:00,http://profile.ak.fbcdn.net/static-ak/rsrc.php/v1/yL/r/HsTZSDw4avx.gif,778-555-0141,4798201,5452 Corte Gilberto,Everett,Washington,98201,
1,jun0@adventure-works.com,Password,48,Jun T Cao,Jun,T,Cao,male,en_US,http://www.facebook.com/JCao,-7,8/6/1969 0:00,http://profile.ak.fbcdn.net/static-ak/rsrc.php/v1/yL/r/HsTZSDw4avx.gif,299-555-0113,4898052,4909 Poco Lane,Redmond,Washington,98052,
1,christian0@adventure-works.com,Password,49,Christian E Kleinerman,Christian,E,Kleinerman,male,en_US,http://www.facebook.com/CKleinerman,-7,2/18/1966 0:00,http://profile.ak.fbcdn.net/static-ak/rsrc.php/v1/yL/r/HsTZSDw4avx.gif,846-555-0157,4998251,8036 Summit View Dr.,Gold Bar,Washington,98251,
1,susan1@adventure-works.com,Password,50,Susan A Metters,Susan,A,Metters,female,en_US,http://www.facebook.com/SMetters,-7,5/3/1973 0:00,http://profile.ak.fbcdn.net/static-ak/rsrc.php/v1/yL/r/HsTZSDw4avx.gif,639-555-0164,5098074,9104 Mt. Sequoia Ct.,Sammamish,Washington,98074,
1,reuben0@adventure-works.com,Password,51,Reuben H D'sa,Reuben,H,D'sa,male,en_US,http://www.facebook.com/RD'sa,-7,9/27/1977 0:00,http://profile.ak.fbcdn.net/static-ak/rsrc.php/v1/yL/r/HsTZSDw4avx.gif,191-555-0112,5198104,1064 Slow Creek Road,Seattle,Washington,98104,
1,kirk0@adventure-works.com,Password,52,Kirk J Koenigsbauer,Kirk,J,Koenigsbauer,male,en_US,http://www.facebook.com/KKoenigsbauer,-7,3/10/1975 0:00,http://profile.ak.fbcdn.net/static-ak/rsrc.php/v1/yL/r/HsTZSDw4avx.gif,669-555-0150,5298104,1220 Bradford Way,Seattle,Washington,98104,
1,david2@adventure-works.com,Password,53,David J Ortiz,David,J,Ortiz,male,en_US,http://www.facebook.com/DOrtiz,-7,1/30/1975 0:00,http://profile.ak.fbcdn.net/static-ak/rsrc.php/v1/yL/r/HsTZSDw4avx.gif,712-555-0119,5398104,931 Corte De Luna,Seattle,Washington,98104,
1,tengiz0@adventure-works.com,Password,54,Tengiz N Kharatishvili,Tengiz,N,Kharatishvili,male,en_US,http://www.facebook.com/TKharatishvili,-7,5/29/1980 0:00,http://profile.ak.fbcdn.net/static-ak/rsrc.php/v1/yL/r/HsTZSDw4avx.gif,910-555-0116,5498027,3333 Madhatter Circle,Issaquah,Washington,98027,
1,hanying0@adventure-works.com,Password,55,Hanying P Feng,Hanying,P,Feng,male,en_US,http://www.facebook.com/HFeng,-7,11/16/1964 0:00,http://profile.ak.fbcdn.net/static-ak/rsrc.php/v1/yL/r/HsTZSDw4avx.gif,319-555-0139,5598052,7297 RisingView,Redmond,Washington,98052,
1,kevin1@adventure-works.com,Password,56,Kevin H Liu,Kevin,H,Liu,male,en_US,http://www.facebook.com/KLiu,-7,1/26/1976 0:00,http://profile.ak.fbcdn.net/static-ak/rsrc.php/v1/yL/r/HsTZSDw4avx.gif,714-555-0138,5698104,7594 Alexander Pl.,Seattle,Washington,98104,
1,annik0@adventure-works.com,Password,57,Annik O Stahl,Annik,O,Stahl,male,en_US,http://www.facebook.com/AStahl,-7,1/27/1967 0:00,http://profile.ak.fbcdn.net/static-ak/rsrc.php/v1/yL/r/HsTZSDw4avx.gif,499-555-0125,5798104,7842 Ygnacio Valley Road,Seattle,Washington,98104,
1,suroor0@adventure-works.com,Password,58,Suroor R Fatima,Suroor,R,Fatima,male,en_US,http://www.facebook.com/SFatima,-7,3/28/1968 0:00,http://profile.ak.fbcdn.net/static-ak/rsrc.php/v1/yL/r/HsTZSDw4avx.gif,932-555-0161,5898020,3281 Hillview Dr.,Edmonds,Washington,98020,
1,deborah0@adventure-works.com,Password,59,Deborah E Poe,Deborah,E,Poe,female,en_US,http://www.facebook.com/DPoe,-7,4/7/1966 0:00,http://profile.ak.fbcdn.net/static-ak/rsrc.php/v1/yL/r/HsTZSDw4avx.gif,602-555-0194,5998201,7640 First Ave.,Everett,Washington,98201,
1,jim0@adventure-works.com,Password,60,Jim H Scardelis,Jim,H,Scardelis,male,en_US,http://www.facebook.com/JScardelis,-7,10/9/1976 0:00,http://profile.ak.fbcdn.net/static-ak/rsrc.php/v1/yL/r/HsTZSDw4avx.gif,679-555-0113,6098020,172 Turning Dr.,Edmonds,Washington,98020,
1,carole0@adventure-works.com,Password,61,Carole M Poland,Carole,M,Poland,female,en_US,http://www.facebook.com/CPoland,-7,11/19/1973 0:00,http://profile.ak.fbcdn.net/static-ak/rsrc.php/v1/yL/r/HsTZSDw4avx.gif,688-555-0192,6198020,8411 Mt. Orange Place,Edmonds,Washington,98020,
1,george0@adventure-works.com,Password,62,George Z Li,George,Z,Li,male,en_US,http://www.facebook.com/GLi,-7,5/18/1967 0:00,http://profile.ak.fbcdn.net/static-ak/rsrc.php/v1/yL/r/HsTZSDw4avx.gif,518-555-0199,6298014,3074 Arbor Drive,Carnation,Washington,98014,
1,gary0@adventure-works.com,Password,63,Gary W Yukish,Gary,W,Yukish,male,en_US,http://www.facebook.com/GYukish,-7,6/17/1978 0:00,http://profile.ak.fbcdn.net/static-ak/rsrc.php/v1/yL/r/HsTZSDw4avx.gif,901-555-0125,6398020,6057 Hill Street,Edmonds,Washington,98020,
1,cristian0@adventure-works.com,Password,64,Cristian K Petculescu,Cristian,K,Petculescu,male,en_US,http://www.facebook.com/CPetculescu,-7,5/13/1974 0:00,http://profile.ak.fbcdn.net/static-ak/rsrc.php/v1/yL/r/HsTZSDw4avx.gif,434-555-0133,6498104,7166 Brock Lane,Seattle,Washington,98104,
1,raymond0@adventure-works.com,Password,65,Raymond K Sam,Raymond,K,Sam,male,en_US,http://www.facebook.com/RSam,-7,4/2/1957 0:00,http://profile.ak.fbcdn.net/static-ak/rsrc.php/v1/yL/r/HsTZSDw4avx.gif,226-555-0197,6598020,9784 Mt Etna Drive,Edmonds,Washington,98020,
1,janaina0@adventure-works.com,Password,66,Janaina Barreiro Gambaro Bueno,Janaina,Barreiro Gambaro,Bueno,female,en_US,http://www.facebook.com/JBueno,-7,3/3/1975 0:00,http://profile.ak.fbcdn.net/static-ak/rsrc.php/v1/yL/r/HsTZSDw4avx.gif,623-555-0155,6698027,5979 El Pueblo,Issaquah,Washington,98027,
1,bob0@adventure-works.com,Password,67,Bob N Hohman,Bob,N,Hohman,male,en_US,http://www.facebook.com/BHohman,-7,9/16/1969 0:00,http://profile.ak.fbcdn.net/static-ak/rsrc.php/v1/yL/r/HsTZSDw4avx.gif,611-555-0116,6798011,6387 Scenic Avenue,Bothell,Washington,98011,
1,shammi0@adventure-works.com,Password,68,Shammi G Mohamed,Shammi,G,Mohamed,male,en_US,http://www.facebook.com/SMohamed,-7,11/5/1970 0:00,http://profile.ak.fbcdn.net/static-ak/rsrc.php/v1/yL/r/HsTZSDw4avx.gif,793-555-0179,6898004,332 Laguna Niguel,Bellevue,Washington,98004,
1,linda0@adventure-works.com,Password,69,Linda K Moschell,Linda,K,Moschell,female,en_US,http://www.facebook.com/LMoschell,-7,8/17/1977 0:00,http://profile.ak.fbcdn.net/static-ak/rsrc.php/v1/yL/r/HsTZSDw4avx.gif,612-555-0171,6998004,3284 S. Blank Avenue,Bellevue,Washington,98004,
1,mindy0@adventure-works.com,Password,70,Mindy C Martin,Mindy,C,Martin,female,en_US,http://www.facebook.com/MMartin,-7,12/22/1974 0:00,http://profile.ak.fbcdn.net/static-ak/rsrc.php/v1/yL/r/HsTZSDw4avx.gif,522-555-0147,7098006,9687 Shakespeare Drive,Newport Hills,Washington,98006,
1,wendy0@adventure-works.com,Password,71,Wendy Beth Kahn,Wendy,Beth,Kahn,female,en_US,http://www.facebook.com/WKahn,-7,11/12/1974 0:00,http://profile.ak.fbcdn.net/static-ak/rsrc.php/v1/yL/r/HsTZSDw4avx.gif,248-555-0134,7198074,4525 Benedict Ct.,Sammamish,Washington,98074,
1,kim0@adventure-works.com,Password,72,Kim T Ralls,Kim,T,Ralls,female,en_US,http://www.facebook.com/KRalls,-7,6/1/1974 0:00,http://profile.ak.fbcdn.net/static-ak/rsrc.php/v1/yL/r/HsTZSDw4avx.gif,309-555-0129,7298011,1226 Shoe St.,Bothell,Washington,98011,
1,sandra0@adventure-works.com,Password,73,,Sandra,,Reátegui Alayo,female,en_US,http://www.facebook.com/SReáteguiAlayo,-7,12/6/1965 0:00,http://profile.ak.fbcdn.net/static-ak/rsrc.php/v1/yL/r/HsTZSDw4avx.gif,896-555-0168,7398104,1619 Stillman Court,Seattle,Washington,98104,
1,kok-ho0@adventure-works.com,Password,74,Kok-Ho T Loh,Kok-Ho,T,Loh,male,en_US,http://www.facebook.com/KLoh,-7,5/30/1970 0:00,http://profile.ak.fbcdn.net/static-ak/rsrc.php/v1/yL/r/HsTZSDw4avx.gif,999-555-0155,7498004,3708 Montana,Bellevue,Washington,98004,
1,douglas0@adventure-works.com,Password,75,Douglas B Hite,Douglas,B,Hite,male,en_US,http://www.facebook.com/DHite,-7,12/26/1975 0:00,http://profile.ak.fbcdn.net/static-ak/rsrc.php/v1/yL/r/HsTZSDw4avx.gif,808-555-0172,7598014,390 Ridgewood Ct.,Carnation,Washington,98014,
1,james0@adventure-works.com,Password,76,James D Kramer,James,D,Kramer,male,en_US,http://www.facebook.com/JKramer,-7,8/26/1974 0:00,http://profile.ak.fbcdn.net/static-ak/rsrc.php/v1/yL/r/HsTZSDw4avx.gif,119-555-0117,7698272,4734 Sycamore Court,Monroe,Washington,98272,
1,sean0@adventure-works.com,Password,77,Sean P Alexander,Sean,P,Alexander,male,en_US,http://www.facebook.com/SAlexander,-7,4/7/1966 0:00,http://profile.ak.fbcdn.net/static-ak/rsrc.php/v1/yL/r/HsTZSDw4avx.gif,420-555-0173,7798055,7985 Center Street,Renton,Washington,98055,
1,nitin0@adventure-works.com,Password,78,Nitin S Mirchandani,Nitin,S,Mirchandani,male,en_US,http://www.facebook.com/NMirchandani,-7,1/1/1977 0:00,http://profile.ak.fbcdn.net/static-ak/rsrc.php/v1/yL/r/HsTZSDw4avx.gif,143-555-0173,7898074,4096 San Remo,Sammamish,Washington,98074,
1,diane1@adventure-works.com,Password,79,Diane L Margheim,Diane,L,Margheim,female,en_US,http://www.facebook.com/DMargheim,-7,7/6/1976 0:00,http://profile.ak.fbcdn.net/static-ak/rsrc.php/v1/yL/r/HsTZSDw4avx.gif,815-555-0138,7998201,475 Santa Maria,Everett,Washington,98201,
1,rebecca0@adventure-works.com,Password,80,Rebecca A Laszlo,Rebecca,A,Laszlo,female,en_US,http://www.facebook.com/RLaszlo,-7,8/11/1967 0:00,http://profile.ak.fbcdn.net/static-ak/rsrc.php/v1/yL/r/HsTZSDw4avx.gif,314-555-0113,8098004,3197 Thornhill Place,Bellevue,Washington,98004,
1,rajesh0@adventure-works.com,Password,81,Rajesh M Patel,Rajesh,M,Patel,male,en_US,http://www.facebook.com/RPatel,-7,11/5/1967 0:00,http://profile.ak.fbcdn.net/static-ak/rsrc.php/v1/yL/r/HsTZSDw4avx.gif,373-555-0137,8198020,5423 Champion Rd.,Edmonds,Washington,98020,
1,vidur0@adventure-works.com,Password,82,Vidur X Luthra,Vidur,X,Luthra,male,en_US,http://www.facebook.com/VLuthra,-7,9/2/1974 0:00,http://profile.ak.fbcdn.net/static-ak/rsrc.php/v1/yL/r/HsTZSDw4avx.gif,153-555-0186,8298006,3030 Blackburn Ct.,Newport Hills,Washington,98006,
1,john1@adventure-works.com,Password,83,John P Evans,John,P,Evans,male,en_US,http://www.facebook.com/JEvans,-7,7/1/1968 0:00,http://profile.ak.fbcdn.net/static-ak/rsrc.php/v1/yL/r/HsTZSDw4avx.gif,172-555-0130,8398104,136 Balboa Court,Seattle,Washington,98104,
1,nancy0@adventure-works.com,Password,84,Nancy A Anderson,Nancy,A,Anderson,female,en_US,http://www.facebook.com/NAnderson,-7,12/21/1978 0:00,http://profile.ak.fbcdn.net/static-ak/rsrc.php/v1/yL/r/HsTZSDw4avx.gif,970-555-0118,8498074,7820 Bird Drive,Sammamish,Washington,98074,
1,pilar0@adventure-works.com,Password,85,Pilar G Ackerman,Pilar,G,Ackerman,male,en_US,http://www.facebook.com/PAckerman,-7,10/11/1962 0:00,http://profile.ak.fbcdn.net/static-ak/rsrc.php/v1/yL/r/HsTZSDw4avx.gif,577-555-0185,8598104,5407 Cougar Way,Seattle,Washington,98104,
1,david3@adventure-works.com,Password,86,David A Yalovsky,David,A,Yalovsky,male,en_US,http://www.facebook.com/DYalovsky,-7,9/4/1971 0:00,http://profile.ak.fbcdn.net/static-ak/rsrc.php/v1/yL/r/HsTZSDw4avx.gif,373-555-0142,8698104,5025 Holiday Hills,Seattle,Washington,98104,
1,david4@adventure-works.com,Password,87,David P Hamilton,David,P,Hamilton,male,en_US,http://www.facebook.com/DHamilton,-7,8/2/1973 0:00,http://profile.ak.fbcdn.net/static-ak/rsrc.php/v1/yL/r/HsTZSDw4avx.gif,986-555-0177,8798028,4095 Cooper Dr.,Kenmore,Washington,98028,
1,laura0@adventure-works.com,Password,88,Laura C Steele,Laura,C,Steele,female,en_US,http://www.facebook.com/LSteele,-7,1/26/1971 0:00,http://profile.ak.fbcdn.net/static-ak/rsrc.php/v1/yL/r/HsTZSDw4avx.gif,777-555-0141,8898019,1825 Corte Del Prado,Duvall,Washington,98019,
1,margie0@adventure-works.com,Password,89,Margie W Shoop,Margie,W,Shoop,female,en_US,http://www.facebook.com/MShoop,-7,6/20/1976 0:00,http://profile.ak.fbcdn.net/static-ak/rsrc.php/v1/yL/r/HsTZSDw4avx.gif,818-555-0128,8998020,2080 Sycamore Drive,Edmonds,Washington,98020,
1,zainal0@adventure-works.com,Password,90,Zainal T Arifin,Zainal,T,Arifin,male,en_US,http://www.facebook.com/ZArifin,-7,3/2/1966 0:00,http://profile.ak.fbcdn.net/static-ak/rsrc.php/v1/yL/r/HsTZSDw4avx.gif,204-555-0115,9098027,342 San Simeon,Issaquah,Washington,98027,
1,lorraine0@adventure-works.com,Password,91,Lorraine O Nay,Lorraine,O,Nay,female,en_US,http://www.facebook.com/LNay,-7,12/28/1978 0:00,http://profile.ak.fbcdn.net/static-ak/rsrc.php/v1/yL/r/HsTZSDw4avx.gif,845-555-0184,9198020,2059 Clay Rd,Edmonds,Washington,98020,
1,fadi0@adventure-works.com,Password,92,Fadi K Fakhouri,Fadi,K,Fakhouri,male,en_US,http://www.facebook.com/FFakhouri,-7,3/19/1979 0:00,http://profile.ak.fbcdn.net/static-ak/rsrc.php/v1/yL/r/HsTZSDw4avx.gif,935-555-0116,9298296,1285 Greenbrier Street,Snohomish,Washington,98296,
1,ryan0@adventure-works.com,Password,93,Ryan L Cornelsen,Ryan,L,Cornelsen,male,en_US,http://www.facebook.com/RCornelsen,-7,7/15/1962 0:00,http://profile.ak.fbcdn.net/static-ak/rsrc.php/v1/yL/r/HsTZSDw4avx.gif,208-555-0114,9398074,177 11th Ave,Sammamish,Washington,98074,
1,candy0@adventure-works.com,Password,94,Candy L Spoon,Candy,L,Spoon,female,en_US,http://www.facebook.com/CSpoon,-7,3/26/1966 0:00,http://profile.ak.fbcdn.net/static-ak/rsrc.php/v1/yL/r/HsTZSDw4avx.gif,920-555-0177,9498256,310 Winter Lane,Index,Washington,98256,
1,nuan0@adventure-works.com,Password,95,,Nuan,,Yu,male,en_US,http://www.facebook.com/NYu,-7,4/29/1969 0:00,http://profile.ak.fbcdn.net/static-ak/rsrc.php/v1/yL/r/HsTZSDw4avx.gif,913-555-0184,9598004,3454 Bel Air Drive,Bellevue,Washington,98004,
1,william0@adventure-works.com,Password,96,William S Vong,William,S,Vong,male,en_US,http://www.facebook.com/WVong,-7,12/8/1971 0:00,http://profile.ak.fbcdn.net/static-ak/rsrc.php/v1/yL/r/HsTZSDw4avx.gif,148-555-0145,9698004,6774 Bonanza,Bellevue,Washington,98004,
1,bjorn0@adventure-works.com,Password,97,Bjorn M Rettig,Bjorn,M,Rettig,male,en_US,http://www.facebook.com/BRettig,-7,12/8/1979 0:00,http://profile.ak.fbcdn.net/static-ak/rsrc.php/v1/yL/r/HsTZSDw4avx.gif,199-555-0117,9798104,5802 Ampersand Drive,Seattle,Washington,98104,
1,scott0@adventure-works.com,Password,98,Scott R Gode,Scott,R,Gode,male,en_US,http://www.facebook.com/SGode,-7,3/13/1977 0:00,http://profile.ak.fbcdn.net/static-ak/rsrc.php/v1/yL/r/HsTZSDw4avx.gif,391-555-0138,9898104,7403 N. Broadway,Seattle,Washington,98104,
1,michael1@adventure-works.com,Password,99,Michael L Rothkugel,Michael,L,Rothkugel,male,en_US,http://www.facebook.com/MRothkugel,-7,2/4/1981 0:00,http://profile.ak.fbcdn.net/static-ak/rsrc.php/v1/yL/r/HsTZSDw4avx.gif,454-555-0119,9998020,207 Berry Court,Edmonds,Washington,98020,
1,lane0@adventure-works.com,Password,100,Lane M Sacksteder,Lane,M,Sacksteder,male,en_US,http://www.facebook.com/LSacksteder,-7,10/24/1964 0:00,http://profile.ak.fbcdn.net/static-ak/rsrc.php/v1/yL/r/HsTZSDw4avx.gif,200-555-0117,10098104,3029 Pastime Dr,Seattle,Washington,98104,
1,pete0@adventure-works.com,Password,101,Pete C Male,Pete,C,Male,male,en_US,http://www.facebook.com/PMale,-7,3/7/1967 0:00,http://profile.ak.fbcdn.net/static-ak/rsrc.php/v1/yL/r/HsTZSDw4avx.gif,768-555-0123,10198104,5375 Clearland Circle,Seattle,Washington,98104,
1,dan0@adventure-works.com,Password,102,Dan K Bacon,Dan,K,Bacon,male,en_US,http://www.facebook.com/DBacon,-7,7/28/1971 0:00,http://profile.ak.fbcdn.net/static-ak/rsrc.php/v1/yL/r/HsTZSDw4avx.gif,166-555-0159,10298027,1921 Ranch Road,Issaquah,Washington,98027,
1,david5@adventure-works.com,Password,103,David M Barber,David,M,Barber,male,en_US,http://www.facebook.com/DBarber,-7,7/23/1954 0:00,http://profile.ak.fbcdn.net/static-ak/rsrc.php/v1/yL/r/HsTZSDw4avx.gif,477-555-0132,10398006,8967 Hamilton Ave.,Newport Hills,Washington,98006,
1,lolan0@adventure-works.com,Password,104,Lolan B Song,Lolan,B,Song,male,en_US,http://www.facebook.com/LSong,-7,2/25/1963 0:00,http://profile.ak.fbcdn.net/static-ak/rsrc.php/v1/yL/r/HsTZSDw4avx.gif,582-555-0178,10498020,8152 Claudia Dr.,Edmonds,Washington,98020,
1,paula1@adventure-works.com,Password,105,Paula R Nartker,Paula,R,Nartker,female,en_US,http://www.facebook.com/PNartker,-7,3/13/1977 0:00,http://profile.ak.fbcdn.net/static-ak/rsrc.php/v1/yL/r/HsTZSDw4avx.gif,476-555-0119,10598104,2144 San Rafael,Seattle,Washington,98104,
1,mary0@adventure-works.com,Password,106,Mary E Gibson,Mary,E,Gibson,female,en_US,http://www.facebook.com/MGibson,-7,10/14/1952 0:00,http://profile.ak.fbcdn.net/static-ak/rsrc.php/v1/yL/r/HsTZSDw4avx.gif,531-555-0183,10698201,3928 San Francisco,Everett,Washington,98201,
1,mindaugas0@adventure-works.com,Password,107,Mindaugas J Krapauskas,Mindaugas,J,Krapauskas,male,en_US,http://www.facebook.com/MKrapauskas,-7,6/7/1968 0:00,http://profile.ak.fbcdn.net/static-ak/rsrc.php/v1/yL/r/HsTZSDw4avx.gif,637-555-0120,10798020,9825 Coralie Drive,Edmonds,Washington,98020,
1,eric0@adventure-works.com,Password,108,,Eric,,Gubbels,male,en_US,http://www.facebook.com/EGubbels,-7,2/20/1975 0:00,http://profile.ak.fbcdn.net/static-ak/rsrc.php/v1/yL/r/HsTZSDw4avx.gif,260-555-0119,10898020,371 Apple Dr.,Edmonds,Washington,98020,
1,ken0@adventure-works.com,Password,109,Ken J Sánchez,Ken,J,Sánchez,male,en_US,http://www.facebook.com/KSánchez,-7,3/2/1959 0:00,http://profile.ak.fbcdn.net/static-ak/rsrc.php/v1/yL/r/HsTZSDw4avx.gif,697-555-0142,10998006,4350 Minute Dr.,Newport Hills,Washington,98006,
1,jason0@adventure-works.com,Password,110,Jason M Watters,Jason,M,Watters,male,en_US,http://www.facebook.com/JWatters,-7,1/8/1979 0:00,http://profile.ak.fbcdn.net/static-ak/rsrc.php/v1/yL/r/HsTZSDw4avx.gif,571-555-0179,11098004,9320 Teakwood Dr.,Bellevue,Washington,98004,
1,mark0@adventure-works.com,Password,111,Mark L Harrington,Mark,L,Harrington,male,en_US,http://www.facebook.com/MHarrington,-7,5/31/1976 0:00,http://profile.ak.fbcdn.net/static-ak/rsrc.php/v1/yL/r/HsTZSDw4avx.gif,147-555-0179,11198027,8585 Los Gatos Ct.,Issaquah,Washington,98027,
1,janeth0@adventure-works.com,Password,112,Janeth M Esteves,Janeth,M,Esteves,female,en_US,http://www.facebook.com/JEsteves,-7,8/25/1962 0:00,http://profile.ak.fbcdn.net/static-ak/rsrc.php/v1/yL/r/HsTZSDw4avx.gif,540-555-0191,11298272,4566 La Jolla,Monroe,Washington,98272,
1,marc0@adventure-works.com,Password,113,Marc J Ingle,Marc,J,Ingle,male,en_US,http://www.facebook.com/MIngle,-7,11/24/1976 0:00,http://profile.ak.fbcdn.net/static-ak/rsrc.php/v1/yL/r/HsTZSDw4avx.gif,234-555-0169,11398074,2473 Orchard Way,Sammamish,Washington,98074,
1,gigi0@adventure-works.com,Password,114,Gigi N Matthew,Gigi,N,Matthew,female,en_US,http://www.facebook.com/GMatthew,-7,2/21/1969 0:00,http://profile.ak.fbcdn.net/static-ak/rsrc.php/v1/yL/r/HsTZSDw4avx.gif,185-555-0186,11498004,7808 Brown St.,Bellevue,Washington,98004,
1,paul1@adventure-works.com,Password,115,Paul R Singh,Paul,R,Singh,male,en_US,http://www.facebook.com/PSingh,-7,12/5/1980 0:00,http://profile.ak.fbcdn.net/static-ak/rsrc.php/v1/yL/r/HsTZSDw4avx.gif,727-555-0112,11598004,1343 Prospect St,Bellevue,Washington,98004,
1,frank0@adventure-works.com,Password,116,Frank T Lee,Frank,T,Lee,male,en_US,http://www.facebook.com/FLee,-7,10/7/1977 0:00,http://profile.ak.fbcdn.net/static-ak/rsrc.php/v1/yL/r/HsTZSDw4avx.gif,158-555-0191,11698104,8290 Margaret Ct.,Seattle,Washington,98104,
1,françois0@adventure-works.com,Password,117,François P Ajenstat,François,P,Ajenstat,male,en_US,http://www.facebook.com/FAjenstat,-7,6/17/1965 0:00,http://profile.ak.fbcdn.net/static-ak/rsrc.php/v1/yL/r/HsTZSDw4avx.gif,785-555-0110,11798027,1144 Paradise Ct.,Issaquah,Washington,98027,
1,diane2@adventure-works.com,Password,118,Diane H Tibbott,Diane,H,Tibbott,female,en_US,http://www.facebook.com/DTibbott,-7,9/10/1979 0:00,http://profile.ak.fbcdn.net/static-ak/rsrc.php/v1/yL/r/HsTZSDw4avx.gif,361-555-0180,11898028,8192 Seagull Court,Kenmore,Washington,98028,
1,jill0@adventure-works.com,Password,119,Jill A Williams,Jill,A,Williams,female,en_US,http://www.facebook.com/JWilliams,-7,7/19/1969 0:00,http://profile.ak.fbcdn.net/static-ak/rsrc.php/v1/yL/r/HsTZSDw4avx.gif,510-555-0121,11998201,3238 Laguna Circle,Everett,Washington,98201,
1,angela0@adventure-works.com,Password,120,Angela W Barbariol,Angela,W,Barbariol,female,en_US,http://www.facebook.com/ABarbariol,-7,7/1/1981 0:00,http://profile.ak.fbcdn.net/static-ak/rsrc.php/v1/yL/r/HsTZSDw4avx.gif,150-555-0194,12098020,2687 Ridge Road,Edmonds,Washington,98020,
1,matthias0@adventure-works.com,Password,121,Matthias T Berndt,Matthias,T,Berndt,male,en_US,http://www.facebook.com/MBerndt,-7,12/13/1963 0:00,http://profile.ak.fbcdn.net/static-ak/rsrc.php/v1/yL/r/HsTZSDw4avx.gif,139-555-0120,12198055,4312 Cambridge Drive,Renton,Washington,98055,
1,bryan0@adventure-works.com,Password,122,,Bryan,,Baker,male,en_US,http://www.facebook.com/BBaker,-7,9/28/1963 0:00,http://profile.ak.fbcdn.net/static-ak/rsrc.php/v1/yL/r/HsTZSDw4avx.gif,712-555-0113,12298272,2275 Valley Blvd.,Monroe,Washington,98272,
1,jeff0@adventure-works.com,Password,123,Jeff V Hay,Jeff,V,Hay,male,en_US,http://www.facebook.com/JHay,-7,2/16/1967 0:00,http://profile.ak.fbcdn.net/static-ak/rsrc.php/v1/yL/r/HsTZSDw4avx.gif,350-555-0167,12398201,3385 Crestview Drive,Everett,Washington,98201,
1,eugene0@adventure-works.com,Password,124,Eugene R Zabokritski,Eugene,R,Zabokritski,male,en_US,http://www.facebook.com/EZabokritski,-7,8/15/1977 0:00,http://profile.ak.fbcdn.net/static-ak/rsrc.php/v1/yL/r/HsTZSDw4avx.gif,241-555-0191,12498074,7939 Bayview Court,Sammamish,Washington,98074,
1,barbara0@adventure-works.com,Password,125,Barbara S Decker,Barbara,S,Decker,female,en_US,http://www.facebook.com/BDecker,-7,8/2/1969 0:00,http://profile.ak.fbcdn.net/static-ak/rsrc.php/v1/yL/r/HsTZSDw4avx.gif,119-555-0192,12598074,7145 Matchstick Drive,Sammamish,Washington,98074,
1,chris0@adventure-works.com,Password,126,Chris T Preston,Chris,T,Preston,male,en_US,http://www.facebook.com/CPreston,-7,1/17/1979 0:00,http://profile.ak.fbcdn.net/static-ak/rsrc.php/v1/yL/r/HsTZSDw4avx.gif,200-555-0112,12698104,6657 Sand Pointe Lane,Seattle,Washington,98104,
1,sean1@adventure-works.com,Password,127,Sean N Chai,Sean,N,Chai,male,en_US,http://www.facebook.com/SChai,-7,4/12/1977 0:00,http://profile.ak.fbcdn.net/static-ak/rsrc.php/v1/yL/r/HsTZSDw4avx.gif,205-555-0132,12798027,9314 Icicle Way,Issaquah,Washington,98027,
1,dan1@adventure-works.com,Password,128,Dan B Wilson,Dan,B,Wilson,male,en_US,http://www.facebook.com/DWilson,-7,2/6/1966 0:00,http://profile.ak.fbcdn.net/static-ak/rsrc.php/v1/yL/r/HsTZSDw4avx.gif,653-555-0144,12898004,5863 Sierra,Bellevue,Washington,98004,
1,mark1@adventure-works.com,Password,129,Mark K McArthur,Mark,K,McArthur,male,en_US,http://www.facebook.com/MMcArthur,-7,10/26/1969 0:00,http://profile.ak.fbcdn.net/static-ak/rsrc.php/v1/yL/r/HsTZSDw4avx.gif,417-555-0154,12998052,9863 Ridge Place,Redmond,Washington,98052,
1,bryan1@adventure-works.com,Password,130,Bryan A Walton,Bryan,A,Walton,male,en_US,http://www.facebook.com/BWalton,-7,10/22/1974 0:00,http://profile.ak.fbcdn.net/static-ak/rsrc.php/v1/yL/r/HsTZSDw4avx.gif,935-555-0199,13098006,1397 Paradise Ct.,Newport Hills,Washington,98006,
1,houman0@adventure-works.com,Password,131,Houman N Pournasseh,Houman,N,Pournasseh,male,en_US,http://www.facebook.com/HPournasseh,-7,9/30/1961 0:00,http://profile.ak.fbcdn.net/static-ak/rsrc.php/v1/yL/r/HsTZSDw4avx.gif,180-555-0136,13198052,9882 Clay Rde,Redmond,Washington,98052,
1,sairaj0@adventure-works.com,Password,132,Sairaj L Uddin,Sairaj,L,Uddin,male,en_US,http://www.facebook.com/SUddin,-7,1/22/1978 0:00,http://profile.ak.fbcdn.net/static-ak/rsrc.php/v1/yL/r/HsTZSDw4avx.gif,500-555-0159,13298052,8040 Hill Ct,Redmond,Washington,98052,
1,michiko0@adventure-works.com,Password,133,Michiko F Osada,Michiko,F,Osada,male,en_US,http://www.facebook.com/MOsada,-7,7/28/1972 0:00,http://profile.ak.fbcdn.net/static-ak/rsrc.php/v1/yL/r/HsTZSDw4avx.gif,984-555-0148,13398074,1962 Ferndale Lane,Sammamish,Washington,98074,
1,benjamin0@adventure-works.com,Password,134,Benjamin R Martin,Benjamin,R,Martin,male,en_US,http://www.facebook.com/BMartin,-7,2/6/1976 0:00,http://profile.ak.fbcdn.net/static-ak/rsrc.php/v1/yL/r/HsTZSDw4avx.gif,533-555-0111,13498296,4231 Spar Court,Snohomish,Washington,98296,
1,cynthia0@adventure-works.com,Password,135,Cynthia S Randall,Cynthia,S,Randall,female,en_US,http://www.facebook.com/CRandall,-7,9/19/1971 0:00,http://profile.ak.fbcdn.net/static-ak/rsrc.php/v1/yL/r/HsTZSDw4avx.gif,352-555-0138,13598028,463 H Stagecoach Rd.,Kenmore,Washington,98028,
1,kathie0@adventure-works.com,Password,136,Kathie E Flood,Kathie,E,Flood,female,en_US,http://www.facebook.com/KFlood,-7,12/2/1980 0:00,http://profile.ak.fbcdn.net/static-ak/rsrc.php/v1/yL/r/HsTZSDw4avx.gif,446-555-0118,13698201,9241 St George Dr.,Everett,Washington,98201,
1,britta0@adventure-works.com,Password,137,Britta L Simon,Britta,L,Simon,female,en_US,http://www.facebook.com/BSimon,-7,10/30/1979 0:00,http://profile.ak.fbcdn.net/static-ak/rsrc.php/v1/yL/r/HsTZSDw4avx.gif,955-555-0169,13798020,2046 Las Palmas,Edmonds,Washington,98020,
1,brian0@adventure-works.com,Password,138,Brian T Lloyd,Brian,T,Lloyd,male,en_US,http://www.facebook.com/BLloyd,-7,3/14/1967 0:00,http://profile.ak.fbcdn.net/static-ak/rsrc.php/v1/yL/r/HsTZSDw4avx.gif,110-555-0182,13898296,7230 Vine Maple Street,Snohomish,Washington,98296,
1,david6@adventure-works.com,Password,139,David J Liu,David,J,Liu,male,en_US,http://www.facebook.com/DLiu,-7,8/8/1973 0:00,http://profile.ak.fbcdn.net/static-ak/rsrc.php/v1/yL/r/HsTZSDw4avx.gif,646-555-0185,13998251,9605 Pheasant Circle,Gold Bar,Washington,98251,
1,laura1@adventure-works.com,Password,140,Laura F Norman,Laura,F,Norman,female,en_US,http://www.facebook.com/LNorman,-7,2/6/1966 0:00,http://profile.ak.fbcdn.net/static-ak/rsrc.php/v1/yL/r/HsTZSDw4avx.gif,615-555-0110,14098055,6937 E. 42nd Street,Renton,Washington,98055,
1,michael2@adventure-works.com,Password,141,Michael W Patten,Michael,W,Patten,male,en_US,http://www.facebook.com/MPatten,-7,6/3/1964 0:00,http://profile.ak.fbcdn.net/static-ak/rsrc.php/v1/yL/r/HsTZSDw4avx.gif,441-555-0195,14198020,2038 Encino Drive,Edmonds,Washington,98020,
1,andy0@adventure-works.com,Password,142,Andy M Ruth,Andy,M,Ruth,male,en_US,http://www.facebook.com/ARuth,-7,11/20/1973 0:00,http://profile.ak.fbcdn.net/static-ak/rsrc.php/v1/yL/r/HsTZSDw4avx.gif,118-555-0110,14298004,4777 Rockne Drive,Bellevue,Washington,98004,
1,yuhong0@adventure-works.com,Password,143,Yuhong L Li,Yuhong,L,Li,male,en_US,http://www.facebook.com/YLi,-7,5/8/1967 0:00,http://profile.ak.fbcdn.net/static-ak/rsrc.php/v1/yL/r/HsTZSDw4avx.gif,965-555-0155,14398104,502 Alexander Pl.,Seattle,Washington,98104,
1,robert0@adventure-works.com,Password,144,Robert J Rounthwaite,Robert,J,Rounthwaite,male,en_US,http://www.facebook.com/RRounthwaite,-7,4/1/1975 0:00,http://profile.ak.fbcdn.net/static-ak/rsrc.php/v1/yL/r/HsTZSDw4avx.gif,589-555-0147,14498104,6843 San Simeon Dr.,Seattle,Washington,98104,
1,andreas0@adventure-works.com,Password,145,Andreas T Berglund,Andreas,T,Berglund,male,en_US,http://www.facebook.com/ABerglund,-7,4/29/1979 0:00,http://profile.ak.fbcdn.net/static-ak/rsrc.php/v1/yL/r/HsTZSDw4avx.gif,181-555-0124,14598055,1803 Olive Hill,Renton,Washington,98055,
1,reed0@adventure-works.com,Password,146,Reed T Koch,Reed,T,Koch,male,en_US,http://www.facebook.com/RKoch,-7,2/9/1979 0:00,http://profile.ak.fbcdn.net/static-ak/rsrc.php/v1/yL/r/HsTZSDw4avx.gif,678-555-0110,14698052,1275 West Street,Redmond,Washington,98052,
1,linda1@adventure-works.com,Password,147,Linda A Randall,Linda,A,Randall,female,en_US,http://www.facebook.com/LRandall,-7,11/6/1967 0:00,http://profile.ak.fbcdn.net/static-ak/rsrc.php/v1/yL/r/HsTZSDw4avx.gif,696-555-0157,14798104,77 Birchwood,Seattle,Washington,98104,
1,james1@adventure-works.com,Password,148,James R Hamilton,James,R,Hamilton,male,en_US,http://www.facebook.com/JHamilton,-7,2/7/1973 0:00,http://profile.ak.fbcdn.net/static-ak/rsrc.php/v1/yL/r/HsTZSDw4avx.gif,870-555-0122,14898272,9652 Los Angeles,Monroe,Washington,98272,
1,ramesh0@adventure-works.com,Password,149,Ramesh V Meyyappan,Ramesh,V,Meyyappan,male,en_US,http://www.facebook.com/RMeyyappan,-7,4/14/1978 0:00,http://profile.ak.fbcdn.net/static-ak/rsrc.php/v1/yL/r/HsTZSDw4avx.gif,182-555-0134,14998027,3848 East 39th Street,Issaquah,Washington,98027,
1,stephanie0@adventure-works.com,Password,150,Stephanie A Conroy,Stephanie,A,Conroy,female,en_US,http://www.facebook.com/SConroy,-7,4/26/1974 0:00,http://profile.ak.fbcdn.net/static-ak/rsrc.php/v1/yL/r/HsTZSDw4avx.gif,594-555-0110,15098027,7435 Ricardo,Issaquah,Washington,98027,
1,samantha0@adventure-works.com,Password,151,Samantha H Smith,Samantha,H,Smith,female,en_US,http://www.facebook.com/SSmith,-7,12/23/1977 0:00,http://profile.ak.fbcdn.net/static-ak/rsrc.php/v1/yL/r/HsTZSDw4avx.gif,587-555-0114,15198004,1648 Eastgate Lane,Bellevue,Washington,98004,
1,tawana0@adventure-works.com,Password,152,Tawana G Nusbaum,Tawana,G,Nusbaum,male,en_US,http://www.facebook.com/TNusbaum,-7,12/12/1979 0:00,http://profile.ak.fbcdn.net/static-ak/rsrc.php/v1/yL/r/HsTZSDw4avx.gif,368-555-0113,15298104,9964 North Ridge Drive,Seattle,Washington,98104,
1,denise0@adventure-works.com,Password,153,Denise H Smith,Denise,H,Smith,female,en_US,http://www.facebook.com/DSmith,-7,8/7/1978 0:00,http://profile.ak.fbcdn.net/static-ak/rsrc.php/v1/yL/r/HsTZSDw4avx.gif,869-555-0119,15398028,5669 Ironwood Way,Kenmore,Washington,98028,
1,hao0@adventure-works.com,Password,154,Hao O Chen,Hao,O,Chen,male,en_US,http://www.facebook.com/HChen,-7,5/19/1967 0:00,http://profile.ak.fbcdn.net/static-ak/rsrc.php/v1/yL/r/HsTZSDw4avx.gif,806-555-0136,15498027,7691 Benedict Ct.,Issaquah,Washington,98027,
1,alex0@adventure-works.com,Password,155,Alex M Nayberg,Alex,M,Nayberg,male,en_US,http://www.facebook.com/ANayberg,-7,5/14/1980 0:00,http://profile.ak.fbcdn.net/static-ak/rsrc.php/v1/yL/r/HsTZSDw4avx.gif,819-555-0198,15598006,1400 Gate Drive,Newport Hills,Washington,98006,
1,eugene1@adventure-works.com,Password,156,Eugene O Kogan,Eugene,O,Kogan,male,en_US,http://www.facebook.com/EKogan,-7,3/13/1966 0:00,http://profile.ak.fbcdn.net/static-ak/rsrc.php/v1/yL/r/HsTZSDw4avx.gif,173-555-0179,15698019,991 Vista Verde,Duvall,Washington,98019,
1,brandon0@adventure-works.com,Password,157,Brandon G Heidepriem,Brandon,G,Heidepriem,male,en_US,http://www.facebook.com/BHeidepriem,-7,2/11/1967 0:00,http://profile.ak.fbcdn.net/static-ak/rsrc.php/v1/yL/r/HsTZSDw4avx.gif,429-555-0137,15798052,8000 Crane Court,Redmond,Washington,98052,
1,dylan0@adventure-works.com,Password,158,Dylan A Miller,Dylan,A,Miller,male,en_US,http://www.facebook.com/DMiller,-7,3/27/1977 0:00,http://profile.ak.fbcdn.net/static-ak/rsrc.php/v1/yL/r/HsTZSDw4avx.gif,181-555-0156,15898028,7048 Laurel,Kenmore,Washington,98028,
1,shane0@adventure-works.com,Password,159,Shane S Kim,Shane,S,Kim,male,en_US,http://www.facebook.com/SKim,-7,6/24/1980 0:00,http://profile.ak.fbcdn.net/static-ak/rsrc.php/v1/yL/r/HsTZSDw4avx.gif,810-555-0178,15998004,9745 Bonita Ct.,Bellevue,Washington,98004,
1,john2@adventure-works.com,Password,160,John Y Chen,John,Y,Chen,male,en_US,http://www.facebook.com/JChen,-7,5/6/1976 0:00,http://profile.ak.fbcdn.net/static-ak/rsrc.php/v1/yL/r/HsTZSDw4avx.gif,201-555-0163,16098019,3977 Central Avenue,Duvall,Washington,98019,
1,karen0@adventure-works.com,Password,161,Karen R Berge,Karen,R,Berge,female,en_US,http://www.facebook.com/KBerge,-7,1/25/1966 0:00,http://profile.ak.fbcdn.net/static-ak/rsrc.php/v1/yL/r/HsTZSDw4avx.gif,746-555-0164,16198256,3127 El Camino Drive,Index,Washington,98256,
1,jose0@adventure-works.com,Password,162,Jose R Lugo,Jose,R,Lugo,male,en_US,http://www.facebook.com/JLugo,-7,9/1/1974 0:00,http://profile.ak.fbcdn.net/static-ak/rsrc.php/v1/yL/r/HsTZSDw4avx.gif,587-555-0115,16298104,5125 Cotton Ct.,Seattle,Washington,98104,
1,mandar0@adventure-works.com,Password,163,Mandar H Samant,Mandar,H,Samant,male,en_US,http://www.facebook.com/MSamant,-7,4/21/1976 0:00,http://profile.ak.fbcdn.net/static-ak/rsrc.php/v1/yL/r/HsTZSDw4avx.gif,140-555-0132,16398019,2598 La Vista Circle,Duvall,Washington,98019,
1,mikael0@adventure-works.com,Password,164,Mikael Q Sandberg,Mikael,Q,Sandberg,male,en_US,http://www.facebook.com/MSandberg,-7,9/18/1974 0:00,http://profile.ak.fbcdn.net/static-ak/rsrc.php/v1/yL/r/HsTZSDw4avx.gif,309-555-0170,16498011,9539 Glenside Dr,Bothell,Washington,98011,
1,sameer0@adventure-works.com,Password,165,Sameer A Tejani,Sameer,A,Tejani,male,en_US,http://www.facebook.com/STejani,-7,7/27/1968 0:00,http://profile.ak.fbcdn.net/static-ak/rsrc.php/v1/yL/r/HsTZSDw4avx.gif,990-555-0172,16598019,5379 Treasure Island Way,Duvall,Washington,98019,
1,dragan0@adventure-works.com,Password,166,Dragan K Tomic,Dragan,K,Tomic,male,en_US,http://www.facebook.com/DTomic,-7,3/18/1967 0:00,http://profile.ak.fbcdn.net/static-ak/rsrc.php/v1/yL/r/HsTZSDw4avx.gif,117-555-0185,16698251,3884 Beauty Street,Gold Bar,Washington,98251,
1,carol0@adventure-works.com,Password,167,Carol M Philips,Carol,M,Philips,female,en_US,http://www.facebook.com/CPhilips,-7,11/18/1978 0:00,http://profile.ak.fbcdn.net/static-ak/rsrc.php/v1/yL/r/HsTZSDw4avx.gif,609-555-0153,16798011,6872 Thornwood Dr.,Bothell,Washington,98011,
1,rob1@adventure-works.com,Password,168,Rob T Caron,Rob,T,Caron,male,en_US,http://www.facebook.com/RCaron,-7,9/5/1963 0:00,http://profile.ak.fbcdn.net/static-ak/rsrc.php/v1/yL/r/HsTZSDw4avx.gif,238-555-0116,16898272,5030 Blue Ridge Dr.,Monroe,Washington,98272,
1,don0@adventure-works.com,Password,169,Don L Hall,Don,L,Hall,male,en_US,http://www.facebook.com/DHall,-7,7/14/1961 0:00,http://profile.ak.fbcdn.net/static-ak/rsrc.php/v1/yL/r/HsTZSDw4avx.gif,100-555-0174,16998014,1411 Ranch Drive,Carnation,Washington,98014,
1,alan0@adventure-works.com,Password,170,Alan J Brewer,Alan,J,Brewer,male,en_US,http://www.facebook.com/ABrewer,-7,4/30/1974 0:00,http://profile.ak.fbcdn.net/static-ak/rsrc.php/v1/yL/r/HsTZSDw4avx.gif,438-555-0172,17098028,25 95th Ave NE,Kenmore,Washington,98028,
1,david7@adventure-works.com,Password,171,David Oliver Lawrence,David,Oliver,Lawrence,male,en_US,http://www.facebook.com/DLawrence,-7,10/25/1975 0:00,http://profile.ak.fbcdn.net/static-ak/rsrc.php/v1/yL/r/HsTZSDw4avx.gif,118-555-0177,17198272,158 Walnut Ave,Monroe,Washington,98272,
1,baris0@adventure-works.com,Password,172,Baris F Cetinok,Baris,F,Cetinok,male,en_US,http://www.facebook.com/BCetinok,-7,11/7/1980 0:00,http://profile.ak.fbcdn.net/static-ak/rsrc.php/v1/yL/r/HsTZSDw4avx.gif,164-555-0114,17298104,426 San Rafael,Seattle,Washington,98104,
1,michael3@adventure-works.com,Password,173,Michael Sean Ray,Michael,Sean,Ray,male,en_US,http://www.facebook.com/MRay,-7,3/2/1979 0:00,http://profile.ak.fbcdn.net/static-ak/rsrc.php/v1/yL/r/HsTZSDw4avx.gif,156-555-0199,17398104,6498 Mining Rd.,Seattle,Washington,98104,
1,steve0@adventure-works.com,Password,174,Steve F Masters,Steve,F,Masters,male,en_US,http://www.facebook.com/SMasters,-7,5/7/1981 0:00,http://profile.ak.fbcdn.net/static-ak/rsrc.php/v1/yL/r/HsTZSDw4avx.gif,712-555-0170,17498104,1398 Yorba Linda,Seattle,Washington,98104,
1,suchitra0@adventure-works.com,Password,175,Suchitra O Mohan,Suchitra,O,Mohan,female,en_US,http://www.facebook.com/SMohan,-7,7/11/1977 0:00,http://profile.ak.fbcdn.net/static-ak/rsrc.php/v1/yL/r/HsTZSDw4avx.gif,753-555-0129,17598004,5678 Clear Court,Bellevue,Washington,98004,
1,karen1@adventure-works.com,Password,176,Karen A Berg,Karen,A,Berg,female,en_US,http://www.facebook.com/KBerg,-7,6/19/1968 0:00,http://profile.ak.fbcdn.net/static-ak/rsrc.php/v1/yL/r/HsTZSDw4avx.gif,654-555-0177,17698027,5256 Chickpea Ct.,Issaquah,Washington,98027,
1,terrence0@adventure-works.com,Password,177,Terrence W Earls,Terrence,W,Earls,male,en_US,http://www.facebook.com/TEarls,-7,1/9/1975 0:00,http://profile.ak.fbcdn.net/static-ak/rsrc.php/v1/yL/r/HsTZSDw4avx.gif,110-555-0115,17798004,6968 Wren Ave.,Bellevue,Washington,98004,
1,barbara1@adventure-works.com,Password,178,Barbara C Moreland,Barbara,C,Moreland,female,en_US,http://www.facebook.com/BMoreland,-7,2/4/1966 0:00,http://profile.ak.fbcdn.net/static-ak/rsrc.php/v1/yL/r/HsTZSDw4avx.gif,822-555-0145,17898104,137 Mazatlan,Seattle,Washington,98104,
1,chad0@adventure-works.com,Password,179,Chad W Niswonger,Chad,W,Niswonger,male,en_US,http://www.facebook.com/CNiswonger,-7,9/4/1980 0:00,http://profile.ak.fbcdn.net/static-ak/rsrc.php/v1/yL/r/HsTZSDw4avx.gif,559-555-0175,17998011,5747 Shirley Drive,Bothell,Washington,98011,
1,rostislav0@adventure-works.com,Password,180,Rostislav E Shabalin,Rostislav,E,Shabalin,male,en_US,http://www.facebook.com/RShabalin,-7,10/15/1967 0:00,http://profile.ak.fbcdn.net/static-ak/rsrc.php/v1/yL/r/HsTZSDw4avx.gif,751-555-0134,18098004,3711 Rollingwood Dr,Bellevue,Washington,98004,
1,belinda0@adventure-works.com,Password,181,Belinda M Newman,Belinda,M,Newman,female,en_US,http://www.facebook.com/BNewman,-7,10/19/1959 0:00,http://profile.ak.fbcdn.net/static-ak/rsrc.php/v1/yL/r/HsTZSDw4avx.gif,319-555-0126,18198011,1399 Firestone Drive,Bothell,Washington,98011,
1,katie0@adventure-works.com,Password,182,Katie L McAskill-White,Katie,L,McAskill-White,female,en_US,http://www.facebook.com/KMcAskill-White,-7,12/20/1974 0:00,http://profile.ak.fbcdn.net/static-ak/rsrc.php/v1/yL/r/HsTZSDw4avx.gif,809-555-0133,18298104,4948 West 4th St,Seattle,Washington,98104,
1,russell1@adventure-works.com,Password,183,Russell M King,Russell,M,King,male,en_US,http://www.facebook.com/RKing,-7,3/14/1972 0:00,http://profile.ak.fbcdn.net/static-ak/rsrc.php/v1/yL/r/HsTZSDw4avx.gif,517-555-0122,18398004,3919 Pinto Road,Bellevue,Washington,98004,
1,jack0@adventure-works.com,Password,184,Jack S Richins,Jack,S,Richins,male,en_US,http://www.facebook.com/JRichins,-7,7/23/1973 0:00,http://profile.ak.fbcdn.net/static-ak/rsrc.php/v1/yL/r/HsTZSDw4avx.gif,552-555-0111,18498272,1356 Grove Way,Monroe,Washington,98272,
1,andrew0@adventure-works.com,Password,185,Andrew R Hill,Andrew,R,Hill,male,en_US,http://www.facebook.com/AHill,-7,10/8/1978 0:00,http://profile.ak.fbcdn.net/static-ak/rsrc.php/v1/yL/r/HsTZSDw4avx.gif,908-555-0159,18598201,6629 Polson Circle,Everett,Washington,98201,
1,nicole0@adventure-works.com,Password,186,Nicole B Holliday,Nicole,B,Holliday,female,en_US,http://www.facebook.com/NHolliday,-7,5/10/1976 0:00,http://profile.ak.fbcdn.net/static-ak/rsrc.php/v1/yL/r/HsTZSDw4avx.gif,508-555-0129,18698104,3243 Buckingham Dr.,Seattle,Washington,98104,
1,frank1@adventure-works.com,Password,187,Frank T Miller,Frank,T,Miller,male,en_US,http://www.facebook.com/FMiller,-7,8/24/1961 0:00,http://profile.ak.fbcdn.net/static-ak/rsrc.php/v1/yL/r/HsTZSDw4avx.gif,167-555-0139,18798296,591 Merriewood Drive,Snohomish,Washington,98296,
1,peter1@adventure-works.com,Password,188,Peter I Connelly,Peter,I,Connelly,male,en_US,http://www.facebook.com/PConnelly,-7,6/29/1970 0:00,http://profile.ak.fbcdn.net/static-ak/rsrc.php/v1/yL/r/HsTZSDw4avx.gif,310-555-0133,18898027,9530 Vine Lane,Issaquah,Washington,98027,
1,anibal0@adventure-works.com,Password,189,Anibal T Sousa,Anibal,T,Sousa,female,en_US,http://www.facebook.com/ASousa,-7,10/6/1964 0:00,http://profile.ak.fbcdn.net/static-ak/rsrc.php/v1/yL/r/HsTZSDw4avx.gif,106-555-0120,18998052,6891 Ham Drive,Redmond,Washington,98052,
1,ken1@adventure-works.com,Password,190,Ken L Myer,Ken,L,Myer,male,en_US,http://www.facebook.com/KMyer,-7,6/29/1971 0:00,http://profile.ak.fbcdn.net/static-ak/rsrc.php/v1/yL/r/HsTZSDw4avx.gif,949-555-0174,19098201,1362 Somerset Place,Everett,Washington,98201,
1,grant0@adventure-works.com,Password,191,Grant N Culbertson,Grant,N,Culbertson,male,en_US,http://www.facebook.com/GCulbertson,-7,5/18/1966 0:00,http://profile.ak.fbcdn.net/static-ak/rsrc.php/v1/yL/r/HsTZSDw4avx.gif,955-555-0131,19198251,213 Stonewood Drive,Gold Bar,Washington,98251,
1,michael4@adventure-works.com,Password,192,Michael T Entin,Michael,T,Entin,male,en_US,http://www.facebook.com/MEntin,-7,7/17/1979 0:00,http://profile.ak.fbcdn.net/static-ak/rsrc.php/v1/yL/r/HsTZSDw4avx.gif,817-555-0186,19298052,2482 Buckingham Dr.,Redmond,Washington,98052,
1,lionel0@adventure-works.com,Password,193,Lionel C Penuchot,Lionel,C,Penuchot,male,en_US,http://www.facebook.com/LPenuchot,-7,4/15/1978 0:00,http://profile.ak.fbcdn.net/static-ak/rsrc.php/v1/yL/r/HsTZSDw4avx.gif,450-555-0152,19398104,7765 Sunsine Drive,Seattle,Washington,98104,
1,thomas0@adventure-works.com,Password,194,Thomas R Michaels,Thomas,R,Michaels,male,en_US,http://www.facebook.com/TMichaels,-7,2/11/1976 0:00,http://profile.ak.fbcdn.net/static-ak/rsrc.php/v1/yL/r/HsTZSDw4avx.gif,278-555-0118,19498020,7338 Green St.,Edmonds,Washington,98020,
1,jimmy0@adventure-works.com,Password,195,Jimmy T Bischoff,Jimmy,T,Bischoff,male,en_US,http://www.facebook.com/JBischoff,-7,6/5/1975 0:00,http://profile.ak.fbcdn.net/static-ak/rsrc.php/v1/yL/r/HsTZSDw4avx.gif,927-555-0168,19598055,2176 Brown Street,Renton,Washington,98055,
1,michael5@adventure-works.com,Password,196,Michael T Vanderhyde,Michael,T,Vanderhyde,male,en_US,http://www.facebook.com/MVanderhyde,-7,10/19/1972 0:00,http://profile.ak.fbcdn.net/static-ak/rsrc.php/v1/yL/r/HsTZSDw4avx.gif,296-555-0121,19698020,2812 Mazatlan,Edmonds,Washington,98020,
1,lori0@adventure-works.com,Password,197,Lori A Kane,Lori,A,Kane,female,en_US,http://www.facebook.com/LKane,-7,8/19/1970 0:00,http://profile.ak.fbcdn.net/static-ak/rsrc.php/v1/yL/r/HsTZSDw4avx.gif,289-555-0196,19798052,3066 Wallace Dr.,Redmond,Washington,98052,
1,arvind0@adventure-works.com,Password,198,Arvind B Rao,Arvind,B,Rao,male,en_US,http://www.facebook.com/ARao,-7,9/21/1964 0:00,http://profile.ak.fbcdn.net/static-ak/rsrc.php/v1/yL/r/HsTZSDw4avx.gif,848-555-0163,19898055,9495 Limewood Place,Renton,Washington,98055,
1,stefen0@adventure-works.com,Password,199,Stefen A Hesse,Stefen,A,Hesse,male,en_US,http://www.facebook.com/SHesse,-7,1/21/1966 0:00,http://profile.ak.fbcdn.net/static-ak/rsrc.php/v1/yL/r/HsTZSDw4avx.gif,165-555-0113,19998019,8463 Vista Avenue,Duvall,Washington,98019,
1,hazem0@adventure-works.com,Password,200,Hazem E Abolrous,Hazem,E,Abolrous,male,en_US,http://www.facebook.com/HAbolrous,-7,11/27/1967 0:00,http://profile.ak.fbcdn.net/static-ak/rsrc.php/v1/yL/r/HsTZSDw4avx.gif,869-555-0125,20098028,5050 Mt. Wilson Way,Kenmore,Washington,98028,
1,janet0@adventure-works.com,Password,201,Janet L Sheperdigian,Janet,L,Sheperdigian,female,en_US,http://www.facebook.com/JSheperdigian,-7,4/9/1969 0:00,http://profile.ak.fbcdn.net/static-ak/rsrc.php/v1/yL/r/HsTZSDw4avx.gif,393-555-0186,20198074,6871 Thornwood Dr.,Sammamish,Washington,98074,
1,elizabeth0@adventure-works.com,Password,202,Elizabeth I Keyser,Elizabeth,I,Keyser,female,en_US,http://www.facebook.com/EKeyser,-7,2/26/1980 0:00,http://profile.ak.fbcdn.net/static-ak/rsrc.php/v1/yL/r/HsTZSDw4avx.gif,318-555-0137,20298031,350 Pastel Drive,Kent,Washington,98031,
1,terry0@adventure-works.com,Password,203,Terry J Eminhizer,Terry,J,Eminhizer,male,en_US,http://www.facebook.com/TEminhizer,-7,3/7/1976 0:00,http://profile.ak.fbcdn.net/static-ak/rsrc.php/v1/yL/r/HsTZSDw4avx.gif,138-555-0118,20398004,8668 Via Neruda,Bellevue,Washington,98004,
1,john3@adventure-works.com,Password,204,John N Frum,John,N,Frum,male,en_US,http://www.facebook.com/JFrum,-7,4/24/1972 0:00,http://profile.ak.fbcdn.net/static-ak/rsrc.php/v1/yL/r/HsTZSDw4avx.gif,663-555-0172,20498201,3665 Oak Creek Ct.,Everett,Washington,98201,
1,merav0@adventure-works.com,Password,205,Merav A Netz,Merav,A,Netz,female,en_US,http://www.facebook.com/MNetz,-7,6/13/1973 0:00,http://profile.ak.fbcdn.net/static-ak/rsrc.php/v1/yL/r/HsTZSDw4avx.gif,224-555-0187,20598104,5666 Hazelnut Lane,Seattle,Washington,98104,
1,brian1@adventure-works.com,Password,206,Brian P LaMee,Brian,P,LaMee,male,en_US,http://www.facebook.com/BLaMee,-7,9/12/1974 0:00,http://profile.ak.fbcdn.net/static-ak/rsrc.php/v1/yL/r/HsTZSDw4avx.gif,313-555-0196,20698201,2294 West 39th St.,Everett,Washington,98201,
1,kitti0@adventure-works.com,Password,207,Kitti H Lertpiriyasuwat,Kitti,H,Lertpiriyasuwat,female,en_US,http://www.facebook.com/KLertpiriyasuwat,-7,7/7/1977 0:00,http://profile.ak.fbcdn.net/static-ak/rsrc.php/v1/yL/r/HsTZSDw4avx.gif,785-555-0132,20798104,5376 Catanzaro Way,Seattle,Washington,98104,
1,jay0@adventure-works.com,Password,208,Jay G Adams,Jay,G,Adams,male,en_US,http://www.facebook.com/JAdams,-7,3/14/1966 0:00,http://profile.ak.fbcdn.net/static-ak/rsrc.php/v1/yL/r/HsTZSDw4avx.gif,407-555-0165,20898272,896 Southdale,Monroe,Washington,98272,
1,jan0@adventure-works.com,Password,209,Jan S Miksovsky,Jan,S,Miksovsky,male,en_US,http://www.facebook.com/JMiksovsky,-7,12/16/1964 0:00,http://profile.ak.fbcdn.net/static-ak/rsrc.php/v1/yL/r/HsTZSDw4avx.gif,139-555-0131,20998201,8624 Pepper Way,Everett,Washington,98201,
1,brenda0@adventure-works.com,Password,210,Brenda M Diaz,Brenda,M,Diaz,female,en_US,http://www.facebook.com/BDiaz,-7,3/31/1973 0:00,http://profile.ak.fbcdn.net/static-ak/rsrc.php/v1/yL/r/HsTZSDw4avx.gif,142-555-0139,21098104,1349 Steven Way,Seattle,Washington,98104,
1,andrew1@adventure-works.com,Password,211,Andrew M Cencini,Andrew,M,Cencini,male,en_US,http://www.facebook.com/ACencini,-7,10/26/1978 0:00,http://profile.ak.fbcdn.net/static-ak/rsrc.php/v1/yL/r/HsTZSDw4avx.gif,207-555-0192,21198074,4444 Pepper Way,Sammamish,Washington,98074,
1,chris1@adventure-works.com,Password,212,Chris K Norred,Chris,K,Norred,male,en_US,http://www.facebook.com/CNorred,-7,6/26/1977 0:00,http://profile.ak.fbcdn.net/static-ak/rsrc.php/v1/yL/r/HsTZSDw4avx.gif,575-555-0126,21298027,989 Crown Ct,Issaquah,Washington,98027,
1,chris2@adventure-works.com,Password,213,Chris O Okelberry,Chris,O,Okelberry,male,en_US,http://www.facebook.com/COkelberry,-7,9/7/1976 0:00,http://profile.ak.fbcdn.net/static-ak/rsrc.php/v1/yL/r/HsTZSDw4avx.gif,315-555-0144,21398052,8467 Clifford Court,Redmond,Washington,98052,
1,shelley0@adventure-works.com,Password,214,Shelley N Dyck,Shelley,N,Dyck,female,en_US,http://www.facebook.com/SDyck,-7,1/8/1977 0:00,http://profile.ak.fbcdn.net/static-ak/rsrc.php/v1/yL/r/HsTZSDw4avx.gif,991-555-0184,21498272,3747 W. Landing Avenue,Monroe,Washington,98272,
1,gabe0@adventure-works.com,Password,215,Gabe B Mares,Gabe,B,Mares,male,en_US,http://www.facebook.com/GMares,-7,6/11/1978 0:00,http://profile.ak.fbcdn.net/static-ak/rsrc.php/v1/yL/r/HsTZSDw4avx.gif,310-555-0117,21598020,1061 Buskrik Avenue,Edmonds,Washington,98020,
1,mike0@adventure-works.com,Password,216,Mike K Seamans,Mike,K,Seamans,male,en_US,http://www.facebook.com/MSeamans,-7,8/1/1969 0:00,http://profile.ak.fbcdn.net/static-ak/rsrc.php/v1/yL/r/HsTZSDw4avx.gif,927-555-0150,21698256,1245 Clay Road,Index,Washington,98256,
1,michael6@adventure-works.com,Password,217,,Michael,,Raheem,male,en_US,http://www.facebook.com/MRaheem,-7,1/1/1975 0:00,http://profile.ak.fbcdn.net/static-ak/rsrc.php/v1/yL/r/HsTZSDw4avx.gif,330-555-2568,21794109,1234 Seaside Way,San Francisco,California,94109,
1,gary1@adventure-works.com,Password,218,Gary E. Altman,Gary,E.,Altman,male,en_US,http://www.facebook.com/GAltman,-7,3/21/1961 0:00,http://profile.ak.fbcdn.net/static-ak/rsrc.php/v1/yL/r/HsTZSDw4avx.gif,110-555-0112,21898055,2598 Breck Court,Renton,Washington,98055,
1,charles0@adventure-works.com,Password,219,Charles B Fitzgerald,Charles,B,Fitzgerald,male,en_US,http://www.facebook.com/CFitzgerald,-7,10/3/1961 0:00,http://profile.ak.fbcdn.net/static-ak/rsrc.php/v1/yL/r/HsTZSDw4avx.gif,931-555-0118,21998074,5263 Etcheverry Dr,Sammamish,Washington,98074,
1,ebru0@adventure-works.com,Password,220,Ebru N Ersan,Ebru,N,Ersan,male,en_US,http://www.facebook.com/EErsan,-7,10/23/1976 0:00,http://profile.ak.fbcdn.net/static-ak/rsrc.php/v1/yL/r/HsTZSDw4avx.gif,202-555-0187,22098074,8316 La Salle St.,Sammamish,Washington,98074,
1,sylvester0@adventure-works.com,Password,221,Sylvester A Valdez,Sylvester,A,Valdez,male,en_US,http://www.facebook.com/SValdez,-7,12/13/1960 0:00,http://profile.ak.fbcdn.net/static-ak/rsrc.php/v1/yL/r/HsTZSDw4avx.gif,492-555-0174,22198004,7902 Grammercy Lane,Bellevue,Washington,98004,
1,brian2@adventure-works.com,Password,222,Brian Richard Goldstein,Brian,Richard,Goldstein,male,en_US,http://www.facebook.com/BGoldstein,-7,1/23/1961 0:00,http://profile.ak.fbcdn.net/static-ak/rsrc.php/v1/yL/r/HsTZSDw4avx.gif,730-555-0117,22298011,8157 W. Book,Bothell,Washington,98011,
1,linda2@adventure-works.com,Password,223,Linda P Meisner,Linda,P,Meisner,female,en_US,http://www.facebook.com/LMeisner,-7,12/31/1960 0:00,http://profile.ak.fbcdn.net/static-ak/rsrc.php/v1/yL/r/HsTZSDw4avx.gif,916-555-0165,22398004,6118 Grasswood Circle,Bellevue,Washington,98004,
1,betsy0@adventure-works.com,Password,224,Betsy A Stadick,Betsy,A,Stadick,female,en_US,http://www.facebook.com/BStadick,-7,1/17/1957 0:00,http://profile.ak.fbcdn.net/static-ak/rsrc.php/v1/yL/r/HsTZSDw4avx.gif,405-555-0171,22498011,5672 Hale Dr.,Bothell,Washington,98011,
1,magnus0@adventure-works.com,Password,225,Magnus E Hedlund,Magnus,E,Hedlund,male,en_US,http://www.facebook.com/MHedlund,-7,9/27/1961 0:00,http://profile.ak.fbcdn.net/static-ak/rsrc.php/v1/yL/r/HsTZSDw4avx.gif,583-555-0182,22598055,9533 Working Drive,Renton,Washington,98055,
1,karan0@adventure-works.com,Password,226,Karan R Khanna,Karan,R,Khanna,male,en_US,http://www.facebook.com/KKhanna,-7,4/7/1960 0:00,http://profile.ak.fbcdn.net/static-ak/rsrc.php/v1/yL/r/HsTZSDw4avx.gif,447-555-0186,22698104,1102 Ravenwood,Seattle,Washington,98104,
1,mary1@adventure-works.com,Password,227,Mary R Baker,Mary,R,Baker,female,en_US,http://www.facebook.com/MBaker,-7,10/20/1976 0:00,http://profile.ak.fbcdn.net/static-ak/rsrc.php/v1/yL/r/HsTZSDw4avx.gif,283-555-0185,22798104,2354 Frame Ln.,Seattle,Washington,98104,
1,kevin2@adventure-works.com,Password,228,Kevin M Homer,Kevin,M,Homer,male,en_US,http://www.facebook.com/KHomer,-7,10/20/1976 0:00,http://profile.ak.fbcdn.net/static-ak/rsrc.php/v1/yL/r/HsTZSDw4avx.gif,555-555-0113,22898004,6058 Hill Street,Bellevue,Washington,98004,
1,mihail0@adventure-works.com,Password,229,Mihail U Frintu,Mihail,U,Frintu,male,en_US,http://www.facebook.com/MFrintu,-7,4/9/1961 0:00,http://profile.ak.fbcdn.net/static-ak/rsrc.php/v1/yL/r/HsTZSDw4avx.gif,733-555-0128,22998020,2466 Clearland Circle,Edmonds,Washington,98020,
1,bonnie0@adventure-works.com,Password,230,Bonnie N Kearney,Bonnie,N,Kearney,female,en_US,http://www.facebook.com/BKearney,-7,10/11/1976 0:00,http://profile.ak.fbcdn.net/static-ak/rsrc.php/v1/yL/r/HsTZSDw4avx.gif,264-555-0150,23098296,4852 Chaparral Court,Snohomish,Washington,98296,
1,fukiko0@adventure-works.com,Password,231,Fukiko J Ogisu,Fukiko,J,Ogisu,male,en_US,http://www.facebook.com/FOgisu,-7,12/25/1960 0:00,http://profile.ak.fbcdn.net/static-ak/rsrc.php/v1/yL/r/HsTZSDw4avx.gif,520-555-0177,23198004,8751 Norse Drive,Bellevue,Washington,98004,
1,hung-fu0@adventure-works.com,Password,232,Hung-Fu T Ting,Hung-Fu,T,Ting,male,en_US,http://www.facebook.com/HTing,-7,11/23/1961 0:00,http://profile.ak.fbcdn.net/static-ak/rsrc.php/v1/yL/r/HsTZSDw4avx.gif,497-555-0181,23298074,7086 O St.,Sammamish,Washington,98074,
1,gordon0@adventure-works.com,Password,233,Gordon L Hee,Gordon,L,Hee,male,en_US,http://www.facebook.com/GHee,-7,12/30/1956 0:00,http://profile.ak.fbcdn.net/static-ak/rsrc.php/v1/yL/r/HsTZSDw4avx.gif,230-555-0144,23398004,108 Lakeside Court,Bellevue,Washington,98004,
1,kimberly0@adventure-works.com,Password,234,Kimberly B Zimmerman,Kimberly,B,Zimmerman,female,en_US,http://www.facebook.com/KZimmerman,-7,10/14/1976 0:00,http://profile.ak.fbcdn.net/static-ak/rsrc.php/v1/yL/r/HsTZSDw4avx.gif,123-555-0167,23498104,8656 Lakespring Place,Seattle,Washington,98104,
1,kim1@adventure-works.com,Password,235,Kim B Abercrombie,Kim,B,Abercrombie,female,en_US,http://www.facebook.com/KAbercrombie,-7,1/14/1957 0:00,http://profile.ak.fbcdn.net/static-ak/rsrc.php/v1/yL/r/HsTZSDw4avx.gif,208-555-0114,23598014,9752 Jeanne Circle,Carnation,Washington,98014,
1,sandeep0@adventure-works.com,Password,236,Sandeep P Kaliyath,Sandeep,P,Kaliyath,male,en_US,http://www.facebook.com/SKaliyath,-7,1/3/1961 0:00,http://profile.ak.fbcdn.net/static-ak/rsrc.php/v1/yL/r/HsTZSDw4avx.gif,166-555-0156,23698074,4310 Kenston Dr.,Sammamish,Washington,98074,
1,prasanna0@adventure-works.com,Password,237,Prasanna E Samarawickrama,Prasanna,E,Samarawickrama,male,en_US,http://www.facebook.com/PSamarawickrama,-7,6/1/1943 0:00,http://profile.ak.fbcdn.net/static-ak/rsrc.php/v1/yL/r/HsTZSDw4avx.gif,129-555-0199,23798052,9322 Driving Drive,Redmond,Washington,98052,
1,frank2@adventure-works.com,Password,238,Frank S Pellow,Frank,S,Pellow,male,en_US,http://www.facebook.com/FPellow,-7,6/13/1942 0:00,http://profile.ak.fbcdn.net/static-ak/rsrc.php/v1/yL/r/HsTZSDw4avx.gif,163-555-0147,23898055,5980 Icicle Circle,Renton,Washington,98055,
1,min0@adventure-works.com,Password,239,Min G Su,Min,G,Su,male,en_US,http://www.facebook.com/MSu,-7,10/11/1964 0:00,http://profile.ak.fbcdn.net/static-ak/rsrc.php/v1/yL/r/HsTZSDw4avx.gif,590-555-0152,23998004,7396 Stratton Circle,Bellevue,Washington,98004,
1,eric1@adventure-works.com,Password,240,Eric L Brown,Eric,L,Brown,male,en_US,http://www.facebook.com/EBrown,-7,1/8/1957 0:00,http://profile.ak.fbcdn.net/static-ak/rsrc.php/v1/yL/r/HsTZSDw4avx.gif,680-555-0118,24098019,5086 Nottingham Place,Duvall,Washington,98019,
1,eric2@adventure-works.com,Password,241,Eric S Kurjan,Eric,S,Kurjan,male,en_US,http://www.facebook.com/EKurjan,-7,10/19/1962 0:00,http://profile.ak.fbcdn.net/static-ak/rsrc.php/v1/yL/r/HsTZSDw4avx.gif,265-555-0195,24198055,1378 String Dr,Renton,Washington,98055,
1,pat0@adventure-works.com,Password,242,Pat H Coleman,Pat,H,Coleman,male,en_US,http://www.facebook.com/PColeman,-7,1/3/1961 0:00,http://profile.ak.fbcdn.net/static-ak/rsrc.php/v1/yL/r/HsTZSDw4avx.gif,720-555-0158,24298251,2425 Notre Dame Ave,Gold Bar,Washington,98251,
1,maciej0@adventure-works.com,Password,243,Maciej W Dusza,Maciej,W,Dusza,male,en_US,http://www.facebook.com/MDusza,-7,3/2/1945 0:00,http://profile.ak.fbcdn.net/static-ak/rsrc.php/v1/yL/r/HsTZSDw4avx.gif,237-555-0128,24398020,3026 Anchor Drive,Edmonds,Washington,98020,
1,erin0@adventure-works.com,Password,244,Erin M Hagens,Erin,M,Hagens,female,en_US,http://www.facebook.com/EHagens,-7,2/4/1961 0:00,http://profile.ak.fbcdn.net/static-ak/rsrc.php/v1/yL/r/HsTZSDw4avx.gif,842-555-0158,24498004,2947 Vine Lane,Bellevue,Washington,98004,
1,patrick0@adventure-works.com,Password,245,Patrick C Wedge,Patrick,C,Wedge,male,en_US,http://www.facebook.com/PWedge,-7,10/11/1976 0:00,http://profile.ak.fbcdn.net/static-ak/rsrc.php/v1/yL/r/HsTZSDw4avx.gif,413-555-0124,24598004,3067 Maya,Bellevue,Washington,98004,
1,frank3@adventure-works.com,Password,246,Frank R Martinez,Frank,R,Martinez,male,en_US,http://www.facebook.com/FMartinez,-7,4/3/1942 0:00,http://profile.ak.fbcdn.net/static-ak/rsrc.php/v1/yL/r/HsTZSDw4avx.gif,203-555-0196,24698296,5724 Victory Lane,Snohomish,Washington,98296,
1,ed0@adventure-works.com,Password,247,Ed R Dudenhoefer,Ed,R,Dudenhoefer,male,en_US,http://www.facebook.com/EDudenhoefer,-7,10/12/1961 0:00,http://profile.ak.fbcdn.net/static-ak/rsrc.php/v1/yL/r/HsTZSDw4avx.gif,919-555-0140,24798104,4598 Manila Avenue,Seattle,Washington,98104,
1,christopher0@adventure-works.com,Password,248,Christopher E Hill,Christopher,E,Hill,male,en_US,http://www.facebook.com/CHill,-7,11/1/1976 0:00,http://profile.ak.fbcdn.net/static-ak/rsrc.php/v1/yL/r/HsTZSDw4avx.gif,153-555-0166,24898011,1902 Santa Cruz,Bothell,Washington,98011,
1,patrick1@adventure-works.com,Password,249,Patrick M Cook,Patrick,M,Cook,male,en_US,http://www.facebook.com/PCook,-7,1/24/1964 0:00,http://profile.ak.fbcdn.net/static-ak/rsrc.php/v1/yL/r/HsTZSDw4avx.gif,425-555-0117,24998104,9537 Ridgewood Drive,Seattle,Washington,98104,
1,krishna0@adventure-works.com,Password,250,,Krishna,,Sunkammurali,male,en_US,http://www.facebook.com/KSunkammurali,-7,10/6/1961 0:00,http://profile.ak.fbcdn.net/static-ak/rsrc.php/v1/yL/r/HsTZSDw4avx.gif,491-555-0183,25098020,6870 D Bel Air Drive,Edmonds,Washington,98020,
1,lori1@adventure-works.com,Password,251,Lori K Penor,Lori,K,Penor,female,en_US,http://www.facebook.com/LPenor,-7,8/31/1960 0:00,http://profile.ak.fbcdn.net/static-ak/rsrc.php/v1/yL/r/HsTZSDw4avx.gif,295-555-0161,25198256,3514 Sunshine,Index,Washington,98256,
1,danielle0@adventure-works.com,Password,252,Danielle C Tiedt,Danielle,C,Tiedt,female,en_US,http://www.facebook.com/DTiedt,-7,10/8/1976 0:00,http://profile.ak.fbcdn.net/static-ak/rsrc.php/v1/yL/r/HsTZSDw4avx.gif,500-555-0172,25298028,5203 Virginia Lane,Kenmore,Washington,98028,
1,sootha0@adventure-works.com,Password,253,Sootha T Charncherngkha,Sootha,T,Charncherngkha,male,en_US,http://www.facebook.com/SCharncherngkha,-7,1/5/1957 0:00,http://profile.ak.fbcdn.net/static-ak/rsrc.php/v1/yL/r/HsTZSDw4avx.gif,325-555-0137,25398028,4155 Working Drive,Kenmore,Washington,98028,
1,michael7@adventure-works.com,Password,254,Michael J Zwilling,Michael,J,Zwilling,male,en_US,http://www.facebook.com/MZwilling,-7,10/7/1963 0:00,http://profile.ak.fbcdn.net/static-ak/rsrc.php/v1/yL/r/HsTZSDw4avx.gif,582-555-0148,25498020,7511 Cooper Dr.,Edmonds,Washington,98020,
1,randy0@adventure-works.com,Password,255,Randy T Reeves,Randy,T,Reeves,male,en_US,http://www.facebook.com/RReeves,-7,5/29/1960 0:00,http://profile.ak.fbcdn.net/static-ak/rsrc.php/v1/yL/r/HsTZSDw4avx.gif,961-555-0122,25598020,3632 Bank Way,Edmonds,Washington,98020,
1,john4@adventure-works.com,Password,256,John T Kane,John,T,Kane,male,en_US,http://www.facebook.com/JKane,-7,10/29/1976 0:00,http://profile.ak.fbcdn.net/static-ak/rsrc.php/v1/yL/r/HsTZSDw4avx.gif,254-555-0114,25698019,8209 Green View Court,Duvall,Washington,98019,
1,jack1@adventure-works.com,Password,257,Jack T Creasey,Jack,T,Creasey,male,en_US,http://www.facebook.com/JCreasey,-7,9/30/1963 0:00,http://profile.ak.fbcdn.net/static-ak/rsrc.php/v1/yL/r/HsTZSDw4avx.gif,521-555-0113,25798104,874 Olivera Road,Seattle,Washington,98104,
1,olinda0@adventure-works.com,Password,258,Olinda C Turner,Olinda,C,Turner,female,en_US,http://www.facebook.com/OTurner,-7,5/5/1960 0:00,http://profile.ak.fbcdn.net/static-ak/rsrc.php/v1/yL/r/HsTZSDw4avx.gif,306-555-0186,25898004,7221 Peachwillow Street,Bellevue,Washington,98004,
1,stuart1@adventure-works.com,Password,259,Stuart J Macrae,Stuart,J,Macrae,male,en_US,http://www.facebook.com/SMacrae,-7,1/17/1962 0:00,http://profile.ak.fbcdn.net/static-ak/rsrc.php/v1/yL/r/HsTZSDw4avx.gif,539-555-0149,25998055,2266 Greenwood Circle,Renton,Washington,98055,
1,jo1@adventure-works.com,Password,260,Jo L Berry,Jo,L,Berry,female,en_US,http://www.facebook.com/JBerry,-7,5/25/1944 0:00,http://profile.ak.fbcdn.net/static-ak/rsrc.php/v1/yL/r/HsTZSDw4avx.gif,228-555-0159,26098256,1748 Bird Drive,Index,Washington,98256,
1,ben0@adventure-works.com,Password,261,Ben T Miller,Ben,T,Miller,male,en_US,http://www.facebook.com/BMiller,-7,7/5/1963 0:00,http://profile.ak.fbcdn.net/static-ak/rsrc.php/v1/yL/r/HsTZSDw4avx.gif,151-555-0113,26198052,101 Candy Rd.,Redmond,Washington,98052,
1,tom0@adventure-works.com,Password,262,Tom M Vande Velde,Tom,M,Vande Velde,male,en_US,http://www.facebook.com/TVandeVelde,-7,11/1/1976 0:00,http://profile.ak.fbcdn.net/static-ak/rsrc.php/v1/yL/r/HsTZSDw4avx.gif,295-555-0161,26298201,5242 Marvelle Ln.,Everett,Washington,98201,
1,ovidiu0@adventure-works.com,Password,263,Ovidiu V Cracium,Ovidiu,V,Cracium,male,en_US,http://www.facebook.com/OCracium,-7,2/18/1968 0:00,http://profile.ak.fbcdn.net/static-ak/rsrc.php/v1/yL/r/HsTZSDw4avx.gif,719-555-0181,26398028,5458 Gladstone Drive,Kenmore,Washington,98028,
1,annette0@adventure-works.com,Password,264,Annette L Hill,Annette,L,Hill,female,en_US,http://www.facebook.com/AHill,-7,3/1/1968 0:00,http://profile.ak.fbcdn.net/static-ak/rsrc.php/v1/yL/r/HsTZSDw4avx.gif,125-555-0196,26498052,6369 Ellis Street,Redmond,Washington,98052,
1,janice0@adventure-works.com,Password,265,Janice M Galvin,Janice,M,Galvin,female,en_US,http://www.facebook.com/JGalvin,-7,6/29/1979 0:00,http://profile.ak.fbcdn.net/static-ak/rsrc.php/v1/yL/r/HsTZSDw4avx.gif,473-555-0117,26598052,3397 Rancho View Drive,Redmond,Washington,98052,
1,reinout0@adventure-works.com,Password,266,Reinout N Hillmann,Reinout,N,Hillmann,male,en_US,http://www.facebook.com/RHillmann,-7,2/18/1968 0:00,http://profile.ak.fbcdn.net/static-ak/rsrc.php/v1/yL/r/HsTZSDw4avx.gif,370-555-0163,26698004,620 Woodside Ct.,Bellevue,Washington,98004,
1,michael8@adventure-works.com,Password,267,Michael I Sullivan,Michael,I,Sullivan,male,en_US,http://www.facebook.com/MSullivan,-7,7/17/1969 0:00,http://profile.ak.fbcdn.net/static-ak/rsrc.php/v1/yL/r/HsTZSDw4avx.gif,465-555-0156,26798055,6510 Hacienda Drive,Renton,Washington,98055,
1,stephen0@adventure-works.com,Password,268,Stephen Y Jiang,Stephen,Y,Jiang,male,en_US,http://www.facebook.com/SJiang,-7,11/17/1941 0:00,http://profile.ak.fbcdn.net/static-ak/rsrc.php/v1/yL/r/HsTZSDw4avx.gif,238-555-0197,26898052,2427 Notre Dame Ave.,Redmond,Washington,98052,
1,wanida0@adventure-works.com,Password,269,Wanida M Benshoof,Wanida,M,Benshoof,female,en_US,http://www.facebook.com/WBenshoof,-7,4/17/1965 0:00,http://profile.ak.fbcdn.net/static-ak/rsrc.php/v1/yL/r/HsTZSDw4avx.gif,708-555-0141,26998074,6951 Harmony Way,Sammamish,Washington,98074,
1,sharon0@adventure-works.com,Password,270,Sharon B Salavaria,Sharon,B,Salavaria,female,en_US,http://www.facebook.com/SSalavaria,-7,6/3/1951 0:00,http://profile.ak.fbcdn.net/static-ak/rsrc.php/v1/yL/r/HsTZSDw4avx.gif,970-555-0138,27098055,7165 Brock Lane,Renton,Washington,98055,
1,john5@adventure-works.com,Password,271,John L Wood,John,L,Wood,male,en_US,http://www.facebook.com/JWood,-7,4/6/1968 0:00,http://profile.ak.fbcdn.net/static-ak/rsrc.php/v1/yL/r/HsTZSDw4avx.gif,486-555-0150,27198052,9906 Oak Grove Road,Redmond,Washington,98052,
1,mary2@adventure-works.com,Password,272,Mary A Dempsey,Mary,A,Dempsey,female,en_US,http://www.facebook.com/MDempsey,-7,3/1/1968 0:00,http://profile.ak.fbcdn.net/static-ak/rsrc.php/v1/yL/r/HsTZSDw4avx.gif,124-555-0114,27298004,6307 Greenbelt Way,Bellevue,Washington,98004,
1,brian3@adventure-works.com,Password,273,Brian S Welcker,Brian,S,Welcker,male,en_US,http://www.facebook.com/BWelcker,-7,7/8/1967 0:00,http://profile.ak.fbcdn.net/static-ak/rsrc.php/v1/yL/r/HsTZSDw4avx.gif,716-555-0127,27398027,7772 Golden Meadow,Issaquah,Washington,98027,
1,sheela0@adventure-works.com,Password,274,Sheela H Word,Sheela,H,Word,female,en_US,http://www.facebook.com/SWord,-7,3/13/1968 0:00,http://profile.ak.fbcdn.net/static-ak/rsrc.php/v1/yL/r/HsTZSDw4avx.gif,210-555-0193,27498074,535 Greendell Pl,Sammamish,Washington,98074,
1,michael9@adventure-works.com,Password,275,Michael G Blythe,Michael,G,Blythe,male,en_US,http://www.facebook.com/MBlythe,-7,1/26/1959 0:00,http://profile.ak.fbcdn.net/static-ak/rsrc.php/v1/yL/r/HsTZSDw4avx.gif,257-555-0154,27548226,8154 Via Mexico,Detroit,Michigan,48226,
1,linda3@adventure-works.com,Password,276,Linda C Mitchell,Linda,C,Mitchell,female,en_US,http://www.facebook.com/LMitchell,-7,3/30/1970 0:00,http://profile.ak.fbcdn.net/static-ak/rsrc.php/v1/yL/r/HsTZSDw4avx.gif,883-555-0116,27684407,2487 Riverside Drive,Nevada,Utah,84407,
1,jillian0@adventure-works.com,Password,277,,Jillian,,Carson,female,en_US,http://www.facebook.com/JCarson,-7,9/29/1952 0:00,http://profile.ak.fbcdn.net/static-ak/rsrc.php/v1/yL/r/HsTZSDw4avx.gif,517-555-0117,27755802,80 Sunview Terrace,Duluth,Minnesota,55802,
1,garrett1@adventure-works.com,Password,278,Garrett R Vargas,Garrett,R,Vargas,male,en_US,http://www.facebook.com/GVargas,-7,3/7/1965 0:00,http://profile.ak.fbcdn.net/static-ak/rsrc.php/v1/yL/r/HsTZSDw4avx.gif,922-555-0165,278T2P2G8,10203 Acorn Avenue,Calgary,Alberta,T2P 2G8,
1,tsvi0@adventure-works.com,Password,279,Tsvi Michael Reiter,Tsvi,Michael,Reiter,male,en_US,http://www.facebook.com/TReiter,-7,2/19/1964 0:00,http://profile.ak.fbcdn.net/static-ak/rsrc.php/v1/yL/r/HsTZSDw4avx.gif,664-555-0112,27938103,8291 Crossbow Way,Memphis,Tennessee,38103,
1,pamela0@adventure-works.com,Password,280,Pamela O Ansman-Wolfe,Pamela,O,Ansman-Wolfe,female,en_US,http://www.facebook.com/PAnsman-Wolfe,-7,1/6/1965 0:00,http://profile.ak.fbcdn.net/static-ak/rsrc.php/v1/yL/r/HsTZSDw4avx.gif,340-555-0193,28097205,636 Vine Hill Way,Portland,Oregon,97205,
1,shu0@adventure-works.com,Password,281,Shu K Ito,Shu,K,Ito,male,en_US,http://www.facebook.com/SIto,-7,4/10/1958 0:00,http://profile.ak.fbcdn.net/static-ak/rsrc.php/v1/yL/r/HsTZSDw4avx.gif,330-555-0120,28194109,5725 Glaze Drive,San Francisco,California,94109,
1,josé1@adventure-works.com,Password,282,José Edvaldo Saraiva,José,Edvaldo,Saraiva,male,en_US,http://www.facebook.com/JSaraiva,-7,1/11/1954 0:00,http://profile.ak.fbcdn.net/static-ak/rsrc.php/v1/yL/r/HsTZSDw4avx.gif,185-555-0169,282K4B1T7,9100 Sheppard Avenue North,Ottawa,Ontario,K4B 1T7,
1,david8@adventure-works.com,Password,283,David R Campbell,David,R,Campbell,male,en_US,http://www.facebook.com/DCampbell,-7,3/14/1964 0:00,http://profile.ak.fbcdn.net/static-ak/rsrc.php/v1/yL/r/HsTZSDw4avx.gif,740-555-0182,28398004,2284 Azalea Avenue,Bellevue,Washington,98004,
1,amy0@adventure-works.com,Password,284,Amy E Alberts,Amy,E,Alberts,female,en_US,http://www.facebook.com/AAlberts,-7,10/22/1947 0:00,http://profile.ak.fbcdn.net/static-ak/rsrc.php/v1/yL/r/HsTZSDw4avx.gif,775-555-0164,28498055,5009 Orange Street,Renton,Washington,98055,
1,jae0@adventure-works.com,Password,285,Jae B Pak,Jae,B,Pak,female,en_US,http://www.facebook.com/JPak,-7,4/18/1958 0:00,http://profile.ak.fbcdn.net/static-ak/rsrc.php/v1/yL/r/HsTZSDw4avx.gif,1 (11) 500 555-0145,285BA53HX,Downshire Way,Cambridge,England,BA5 3HX,
1,ranjit0@adventure-works.com,Password,286,Ranjit R Varkey Chudukatil,Ranjit,R,Varkey Chudukatil,male,en_US,http://www.facebook.com/RVarkeyChudukatil,-7,10/31/1965 0:00,http://profile.ak.fbcdn.net/static-ak/rsrc.php/v1/yL/r/HsTZSDw4avx.gif,1 (11) 500 555-0117,28633000,94, rue Descartes,Bordeaux,Gironde,33000
1,tete0@adventure-works.com,Password,287,Tete A Mensa-Annan,Tete,A,Mensa-Annan,male,en_US,http://www.facebook.com/TMensa-Annan,-7,2/6/1968 0:00,http://profile.ak.fbcdn.net/static-ak/rsrc.php/v1/yL/r/HsTZSDw4avx.gif,615-555-0153,28702139,3997 Via De Luna,Cambridge,Massachusetts,2139,
1,syed0@adventure-works.com,Password,288,Syed E Abbas,Syed,E,Abbas,male,en_US,http://www.facebook.com/SAbbas,-7,2/11/1965 0:00,http://profile.ak.fbcdn.net/static-ak/rsrc.php/v1/yL/r/HsTZSDw4avx.gif,926-555-0182,28898011,7484 Roundtree Drive,Bothell,Washington,98011,
1,rachel0@adventure-works.com,Password,289,Rachel B Valdez,Rachel,B,Valdez,female,en_US,http://www.facebook.com/RValdez,-7,8/9/1965 0:00,http://profile.ak.fbcdn.net/static-ak/rsrc.php/v1/yL/r/HsTZSDw4avx.gif,1 (11) 500 555-0140,28914111,Pascalstr 951,Berlin,Hamburg,14111,
1,lynn0@adventure-works.com,Password,290,Lynn N Tsoflias,Lynn,N,Tsoflias,female,en_US,http://www.facebook.com/LTsoflias,-7,4/18/1961 0:00,http://profile.ak.fbcdn.net/static-ak/rsrc.php/v1/yL/r/HsTZSDw4avx.gif,1 (11) 500 555-0190,2903000,34 Waterloo Road,Melbourne,Victoria,3000,
